img_path,label
0.jpeg,0
1.jpeg,0
2.jpeg,0
3.jpeg,0
4.jpeg,0
5.jpeg,0
6.jpeg,0
7.jpeg,0
8.jpeg,0
9.jpeg,0
10.jpeg,0
11.jpeg,0
12.jpeg,0
13.jpeg,0
14.jpeg,0
15.jpeg,0
16.jpeg,0
17.jpeg,0
18.jpeg,0
19.jpeg,0
20.jpeg,0
21.jpeg,0
22.jpeg,0
23.jpeg,0
24.jpeg,0
25.jpeg,0
26.jpeg,0
27.jpeg,0
28.jpeg,0
29.jpeg,0
30.jpeg,0
31.jpeg,0
32.jpeg,0
33.jpeg,0
34.jpeg,0
35.jpeg,0
36.jpeg,0
37.jpeg,0
38.jpeg,0
39.jpeg,0
40.jpeg,0
41.jpeg,0
42.jpeg,0
43.jpeg,0
44.jpeg,0
45.jpeg,0
46.jpeg,0
47.jpeg,0
48.jpeg,0
49.jpeg,0
50.jpeg,0
51.jpeg,0
52.jpeg,0
53.jpeg,0
54.jpeg,0
55.jpeg,0
56.jpeg,0
57.jpeg,0
58.jpeg,0
59.jpeg,0
60.jpeg,0
61.jpeg,0
62.jpeg,0
63.jpeg,0
64.jpeg,0
65.jpeg,0
66.jpeg,0
67.jpeg,0
68.jpeg,0
69.jpeg,0
70.jpeg,0
71.jpeg,0
72.jpeg,0
73.jpeg,0
74.jpeg,0
75.jpeg,0
76.jpeg,0
77.jpeg,0
78.jpeg,0
79.jpeg,0
80.jpeg,0
81.jpeg,0
82.jpeg,0
83.jpeg,0
84.jpeg,0
85.jpeg,0
86.jpeg,0
87.jpeg,0
88.jpeg,0
89.jpeg,0
90.jpeg,0
91.jpeg,0
92.jpeg,0
93.jpeg,0
94.jpeg,0
95.jpeg,0
96.jpeg,0
97.jpeg,0
98.jpeg,0
99.jpeg,0
100.jpeg,0
101.jpeg,0
102.jpeg,0
103.jpeg,0
104.jpeg,0
105.jpeg,0
106.jpeg,0
107.jpeg,0
108.jpeg,0
109.jpeg,0
110.jpeg,0
111.jpeg,0
112.jpeg,0
113.jpeg,0
114.jpeg,0
115.jpeg,0
116.jpeg,0
117.jpeg,0
118.jpeg,0
119.jpeg,0
120.jpeg,0
121.jpeg,0
122.jpeg,0
123.jpeg,0
124.jpeg,0
125.jpeg,0
126.jpeg,0
127.jpeg,0
128.jpeg,0
129.jpeg,0
130.jpeg,0
131.jpeg,0
132.jpeg,0
133.jpeg,0
134.jpeg,0
135.jpeg,0
136.jpeg,0
137.jpeg,0
138.jpeg,0
139.jpeg,0
140.jpeg,0
141.jpeg,0
142.jpeg,0
143.jpeg,0
144.jpeg,1
145.jpeg,1
146.jpeg,1
147.jpeg,1
148.jpeg,1
149.jpeg,1
150.jpeg,1
151.jpeg,1
152.jpeg,1
153.jpeg,1
154.jpeg,1
155.jpeg,1
156.jpeg,1
157.jpeg,1
158.jpeg,1
159.jpeg,1
160.jpeg,1
161.jpeg,1
162.jpeg,1
163.jpeg,1
164.jpeg,1
165.jpeg,1
166.jpeg,1
167.jpeg,1
168.jpeg,1
169.jpeg,1
170.jpeg,1
171.jpeg,1
172.jpeg,1
173.jpeg,1
174.jpeg,1
175.jpeg,1
176.jpeg,1
177.jpeg,1
178.jpeg,1
179.jpeg,1
180.jpeg,1
181.jpeg,1
182.jpeg,1
183.jpeg,1
184.jpeg,1
185.jpeg,1
186.jpeg,1
187.jpeg,1
188.jpeg,1
189.jpeg,1
190.jpeg,1
191.jpeg,1
192.jpeg,1
193.jpeg,1
194.jpeg,1
195.jpeg,1
196.jpeg,1
197.jpeg,1
198.jpeg,1
199.jpeg,1
200.jpeg,1
201.jpeg,1
202.jpeg,1
203.jpeg,1
204.jpeg,1
205.jpeg,1
206.jpeg,1
207.jpeg,1
208.jpeg,1
209.jpeg,1
210.jpeg,1
211.jpeg,1
212.jpeg,1
213.jpeg,1
214.jpeg,1
215.jpeg,1
216.jpeg,1
217.jpeg,1
218.jpeg,1
219.jpeg,1
220.jpeg,1
221.jpeg,1
222.jpeg,1
223.jpeg,1
224.jpeg,1
225.jpeg,1
226.jpeg,1
227.jpeg,1
228.jpeg,1
229.jpeg,1
230.jpeg,1
231.jpeg,1
232.jpeg,1
233.jpeg,1
234.jpeg,1
235.jpeg,1
236.jpeg,1
237.jpeg,1
238.jpeg,1
239.jpeg,1
240.jpeg,1
241.jpeg,1
242.jpeg,1
243.jpeg,1
244.jpeg,1
245.jpeg,1
246.jpeg,1
247.jpeg,1
248.jpeg,1
249.jpeg,1
250.jpeg,1
251.jpeg,1
252.jpeg,1
253.jpeg,1
254.jpeg,1
255.jpeg,1
256.jpeg,1
257.jpeg,1
258.jpeg,1
259.jpeg,1
260.jpeg,1
261.jpeg,1
262.jpeg,1
263.jpeg,1
264.jpeg,1
265.jpeg,1
266.jpeg,1
267.jpeg,1
268.jpeg,1
269.jpeg,1
270.jpeg,1
271.jpeg,1
272.jpeg,1
273.jpeg,1
274.jpeg,1
275.jpeg,1
276.jpeg,1
277.jpeg,1
278.jpeg,1
279.jpeg,1
280.jpeg,1
281.jpeg,1
282.jpeg,1
283.jpeg,1
284.jpeg,1
285.jpeg,1
286.jpeg,1
287.jpeg,1
288.jpeg,1
289.jpeg,1
290.jpeg,1
291.jpeg,1
292.jpeg,1
293.jpeg,1
294.jpeg,1
295.jpeg,1
296.jpeg,1
297.jpeg,2
298.jpeg,2
299.jpeg,2
300.jpeg,2
301.jpeg,2
302.jpeg,2
303.jpeg,2
304.jpeg,2
305.jpeg,2
306.jpeg,2
307.jpeg,2
308.jpeg,2
309.jpeg,2
310.jpeg,2
311.jpeg,2
312.jpeg,2
313.jpeg,2
314.jpeg,2
315.jpeg,2
316.jpeg,2
317.jpeg,2
318.jpeg,2
319.jpeg,2
320.jpeg,2
321.jpeg,2
322.jpeg,2
323.jpeg,2
324.jpeg,2
325.jpeg,2
326.jpeg,2
327.jpeg,2
328.jpeg,2
329.jpeg,2
330.jpeg,2
331.jpeg,2
332.jpeg,2
333.jpeg,2
334.jpeg,2
335.jpeg,2
336.jpeg,2
337.jpeg,2
338.jpeg,2
339.jpeg,2
340.jpeg,2
341.jpeg,2
342.jpeg,2
343.jpeg,2
344.jpeg,2
345.jpeg,2
346.jpeg,2
347.jpeg,2
348.jpeg,2
349.jpeg,2
350.jpeg,2
351.jpeg,2
352.jpeg,2
353.jpeg,2
354.jpeg,2
355.jpeg,2
356.jpeg,2
357.jpeg,2
358.jpeg,2
359.jpeg,2
360.jpeg,2
361.jpeg,2
362.jpeg,2
363.jpeg,2
364.jpeg,2
365.jpeg,2
366.jpeg,2
367.jpeg,2
368.jpeg,2
369.jpeg,2
370.jpeg,2
371.jpeg,2
372.jpeg,2
373.jpeg,2
374.jpeg,2
375.jpeg,2
376.jpeg,2
377.jpeg,2
378.jpeg,2
379.jpeg,2
380.jpeg,2
381.jpeg,2
382.jpeg,2
383.jpeg,2
384.jpeg,2
385.jpeg,2
386.jpeg,2
387.jpeg,2
388.jpeg,2
389.jpeg,2
390.jpeg,2
391.jpeg,2
392.jpeg,2
393.jpeg,2
394.jpeg,2
395.jpeg,2
396.jpeg,2
397.jpeg,2
398.jpeg,2
399.jpeg,2
400.jpeg,2
401.jpeg,2
402.jpeg,2
403.jpeg,2
404.jpeg,2
405.jpeg,2
406.jpeg,2
407.jpeg,2
408.jpeg,2
409.jpeg,2
410.jpeg,2
411.jpeg,2
412.jpeg,2
413.jpeg,2
414.jpeg,2
415.jpeg,2
416.jpeg,2
417.jpeg,2
418.jpeg,2
419.jpeg,2
420.jpeg,2
421.jpeg,2
422.jpeg,2
423.jpeg,2
424.jpeg,2
425.jpeg,2
426.jpeg,2
427.jpeg,2
428.jpeg,2
429.jpeg,3
430.jpeg,3
431.jpeg,3
432.jpeg,3
433.jpeg,3
434.jpeg,3
435.jpeg,3
436.jpeg,3
437.jpeg,3
438.jpeg,3
439.jpeg,3
440.jpeg,3
441.jpeg,3
442.jpeg,3
443.jpeg,3
444.jpeg,3
445.jpeg,3
446.jpeg,3
447.jpeg,3
448.jpeg,3
449.jpeg,3
450.jpeg,3
451.jpeg,3
452.jpeg,3
453.jpeg,3
454.jpeg,3
455.jpeg,3
456.jpeg,3
457.jpeg,3
458.jpeg,3
459.jpeg,3
460.jpeg,3
461.jpeg,3
462.jpeg,3
463.jpeg,3
464.jpeg,3
465.jpeg,3
466.jpeg,3
467.jpeg,3
468.jpeg,3
469.jpeg,3
470.jpeg,3
471.jpeg,3
472.jpeg,3
473.jpeg,3
474.jpeg,3
475.jpeg,3
476.jpeg,3
477.jpeg,3
478.jpeg,3
479.jpeg,3
480.jpeg,3
481.jpeg,3
482.jpeg,3
483.jpeg,3
484.jpeg,3
485.jpeg,3
486.jpeg,3
487.jpeg,3
488.jpeg,3
489.jpeg,3
490.jpeg,3
491.jpeg,3
492.jpeg,3
493.jpeg,3
494.jpeg,3
495.jpeg,3
496.jpeg,3
497.jpeg,3
498.jpeg,3
499.jpeg,3
500.jpeg,3
501.jpeg,3
502.jpeg,3
503.jpeg,3
504.jpeg,3
505.jpeg,3
506.jpeg,3
507.jpeg,3
508.jpeg,3
509.jpeg,3
510.jpeg,3
511.jpeg,3
512.jpeg,3
513.jpeg,3
514.jpeg,3
515.jpeg,3
516.jpeg,3
517.jpeg,3
518.jpeg,3
519.jpeg,3
520.jpeg,3
521.jpeg,3
522.jpeg,3
523.jpeg,3
524.jpeg,3
525.jpeg,3
526.jpeg,3
527.jpeg,3
528.jpeg,3
529.jpeg,3
530.jpeg,3
531.jpeg,3
532.jpeg,3
533.jpeg,3
534.jpeg,3
535.jpeg,3
536.jpeg,3
537.jpeg,3
538.jpeg,3
539.jpeg,3
540.jpeg,3
541.jpeg,3
542.jpeg,3
543.jpeg,3
544.jpeg,3
545.jpeg,3
546.jpeg,3
547.jpeg,3
548.jpeg,3
549.jpeg,3
550.jpeg,3
551.jpeg,3
552.jpeg,3
553.jpeg,3
554.jpeg,3
555.jpeg,3
556.jpeg,3
557.jpeg,3
558.jpeg,3
559.jpeg,3
560.jpeg,3
561.jpeg,3
562.jpeg,3
563.jpeg,3
564.jpeg,3
565.jpeg,3
566.jpeg,3
567.jpeg,3
568.jpeg,3
569.jpeg,3
570.jpeg,3
571.jpeg,3
572.jpeg,3
573.jpeg,3
574.jpeg,3
575.jpeg,3
576.jpeg,3
577.jpeg,3
578.jpeg,3
579.jpeg,3
580.jpeg,3
581.jpeg,4
582.jpeg,4
583.jpeg,4
584.jpeg,4
585.jpeg,4
586.jpeg,4
587.jpeg,4
588.jpeg,4
589.jpeg,4
590.jpeg,4
591.jpeg,4
592.jpeg,4
593.jpeg,4
594.jpeg,4
595.jpeg,4
596.jpeg,4
597.jpeg,4
598.jpeg,4
599.jpeg,4
600.jpeg,4
601.jpeg,4
602.jpeg,4
603.jpeg,4
604.jpeg,4
605.jpeg,4
606.jpeg,4
607.jpeg,4
608.jpeg,4
609.jpeg,4
610.jpeg,4
611.jpeg,4
612.jpeg,4
613.jpeg,4
614.jpeg,4
615.jpeg,4
616.jpeg,4
617.jpeg,4
618.jpeg,4
619.jpeg,4
620.jpeg,4
621.jpeg,4
622.jpeg,4
623.jpeg,4
624.jpeg,4
625.jpeg,4
626.jpeg,4
627.jpeg,4
628.jpeg,4
629.jpeg,4
630.jpeg,4
631.jpeg,4
632.jpeg,4
633.jpeg,4
634.jpeg,4
635.jpeg,4
636.jpeg,4
637.jpeg,4
638.jpeg,4
639.jpeg,4
640.jpeg,4
641.jpeg,4
642.jpeg,4
643.jpeg,4
644.jpeg,4
645.jpeg,4
646.jpeg,4
647.jpeg,4
648.jpeg,4
649.jpeg,4
650.jpeg,4
651.jpeg,4
652.jpeg,4
653.jpeg,4
654.jpeg,4
655.jpeg,4
656.jpeg,4
657.jpeg,4
658.jpeg,4
659.jpeg,4
660.jpeg,4
661.jpeg,4
662.jpeg,4
663.jpeg,4
664.jpeg,4
665.jpeg,4
666.jpeg,4
667.jpeg,4
668.jpeg,4
669.jpeg,4
670.jpeg,4
671.jpeg,4
672.jpeg,4
673.jpeg,4
674.jpeg,4
675.jpeg,4
676.jpeg,4
677.jpeg,4
678.jpeg,4
679.jpeg,4
680.jpeg,4
681.jpeg,4
682.jpeg,4
683.jpeg,4
684.jpeg,4
685.jpeg,4
686.jpeg,4
687.jpeg,4
688.jpeg,4
689.jpeg,4
690.jpeg,4
691.jpeg,4
692.jpeg,4
693.jpeg,4
694.jpeg,4
695.jpeg,4
696.jpeg,4
697.jpeg,4
698.jpeg,4
699.jpeg,4
700.jpeg,4
701.jpeg,4
702.jpeg,4
703.jpeg,4
704.jpeg,4
705.jpeg,4
706.jpeg,4
707.jpeg,4
708.jpeg,4
709.jpeg,4
710.jpeg,4
711.jpeg,4
712.jpeg,4
713.jpeg,4
714.jpeg,4
715.jpeg,4
716.jpeg,4
717.jpeg,4
718.jpeg,4
719.jpeg,4
720.jpeg,4
721.jpeg,4
722.jpeg,4
723.jpeg,4
724.jpeg,4
725.jpeg,4
726.jpeg,4
727.jpeg,4
728.jpeg,4
729.jpeg,4
730.jpeg,4
731.jpeg,5
732.jpeg,5
733.jpeg,5
734.jpeg,5
735.jpeg,5
736.jpeg,5
737.jpeg,5
738.jpeg,5
739.jpeg,5
740.jpeg,5
741.jpeg,5
742.jpeg,5
743.jpeg,5
744.jpeg,5
745.jpeg,5
746.jpeg,5
747.jpeg,5
748.jpeg,5
749.jpeg,5
750.jpeg,5
751.jpeg,5
752.jpeg,5
753.jpeg,5
754.jpeg,5
755.jpeg,5
756.jpeg,5
757.jpeg,5
758.jpeg,5
759.jpeg,5
760.jpeg,5
761.jpeg,5
762.jpeg,5
763.jpeg,5
764.jpeg,5
765.jpeg,5
766.jpeg,5
767.jpeg,5
768.jpeg,5
769.jpeg,5
770.jpeg,5
771.jpeg,5
772.jpeg,5
773.jpeg,5
774.jpeg,5
775.jpeg,5
776.jpeg,5
777.jpeg,5
778.jpeg,5
779.jpeg,5
780.jpeg,5
781.jpeg,5
782.jpeg,5
783.jpeg,5
784.jpeg,5
785.jpeg,5
786.jpeg,5
787.jpeg,5
788.jpeg,5
789.jpeg,5
790.jpeg,5
791.jpeg,5
792.jpeg,5
793.jpeg,5
794.jpeg,5
795.jpeg,5
796.jpeg,5
797.jpeg,5
798.jpeg,5
799.jpeg,5
800.jpeg,5
801.jpeg,5
802.jpeg,5
803.jpeg,5
804.jpeg,5
805.jpeg,5
806.jpeg,5
807.jpeg,5
808.jpeg,5
809.jpeg,5
810.jpeg,5
811.jpeg,5
812.jpeg,5
813.jpeg,5
814.jpeg,5
815.jpeg,5
816.jpeg,5
817.jpeg,5
818.jpeg,5
819.jpeg,5
820.jpeg,5
821.jpeg,5
822.jpeg,5
823.jpeg,5
824.jpeg,5
825.jpeg,5
826.jpeg,5
827.jpeg,5
828.jpeg,5
829.jpeg,5
830.jpeg,5
831.jpeg,5
832.jpeg,5
833.jpeg,5
834.jpeg,5
835.jpeg,5
836.jpeg,5
837.jpeg,5
838.jpeg,5
839.jpeg,5
840.jpeg,5
841.jpeg,5
842.jpeg,5
843.jpeg,5
844.jpeg,5
845.jpeg,5
846.jpeg,5
847.jpeg,5
848.jpeg,5
849.jpeg,5
850.jpeg,5
851.jpeg,5
852.jpeg,5
853.jpeg,5
854.jpeg,5
855.jpeg,5
856.jpeg,5
857.jpeg,5
858.jpeg,5
859.jpeg,5
860.jpeg,5
861.jpeg,5
862.jpeg,5
863.jpeg,5
864.jpeg,5
865.jpeg,5
866.jpeg,5
867.jpeg,5
868.jpeg,5
869.jpeg,5
870.jpeg,5
871.jpeg,5
872.jpeg,5
873.jpeg,5
874.jpeg,6
875.jpeg,6
876.jpeg,6
877.jpeg,6
878.jpeg,6
879.jpeg,6
880.jpeg,6
881.jpeg,6
882.jpeg,6
883.jpeg,6
884.jpeg,6
885.jpeg,6
886.jpeg,6
887.jpeg,6
888.jpeg,6
889.jpeg,6
890.jpeg,6
891.jpeg,6
892.jpeg,6
893.jpeg,6
894.jpeg,6
895.jpeg,6
896.jpeg,6
897.jpeg,6
898.jpeg,6
899.jpeg,6
900.jpeg,6
901.jpeg,6
902.jpeg,6
903.jpeg,6
904.jpeg,6
905.jpeg,6
906.jpeg,6
907.jpeg,6
908.jpeg,6
909.jpeg,6
910.jpeg,6
911.jpeg,6
912.jpeg,6
913.jpeg,6
914.jpeg,6
915.jpeg,6
916.jpeg,6
917.jpeg,6
918.jpeg,6
919.jpeg,6
920.jpeg,6
921.jpeg,6
922.jpeg,6
923.jpeg,6
924.jpeg,6
925.jpeg,6
926.jpeg,6
927.jpeg,6
928.jpeg,6
929.jpeg,6
930.jpeg,6
931.jpeg,6
932.jpeg,6
933.jpeg,6
934.jpeg,6
935.jpeg,6
936.jpeg,6
937.jpeg,6
938.jpeg,6
939.jpeg,6
940.jpeg,6
941.jpeg,6
942.jpeg,6
943.jpeg,6
944.jpeg,6
945.jpeg,6
946.jpeg,6
947.jpeg,6
948.jpeg,6
949.jpeg,6
950.jpeg,6
951.jpeg,6
952.jpeg,6
953.jpeg,6
954.jpeg,6
955.jpeg,6
956.jpeg,6
957.jpeg,6
958.jpeg,6
959.jpeg,6
960.jpeg,6
961.jpeg,6
962.jpeg,6
963.jpeg,6
964.jpeg,6
965.jpeg,6
966.jpeg,6
967.jpeg,6
968.jpeg,6
969.jpeg,6
970.jpeg,6
971.jpeg,6
972.jpeg,6
973.jpeg,6
974.jpeg,6
975.jpeg,6
976.jpeg,6
977.jpeg,6
978.jpeg,6
979.jpeg,6
980.jpeg,6
981.jpeg,6
982.jpeg,6
983.jpeg,6
984.jpeg,6
985.jpeg,6
986.jpeg,6
987.jpeg,6
988.jpeg,6
989.jpeg,6
990.jpeg,6
991.jpeg,6
992.jpeg,6
993.jpeg,6
994.jpeg,6
995.jpeg,6
996.jpeg,6
997.jpeg,6
998.jpeg,6
999.jpeg,6
1000.jpeg,6
1001.jpeg,6
1002.jpeg,6
1003.jpeg,6
1004.jpeg,6
1005.jpeg,6
1006.jpeg,6
1007.jpeg,6
1008.jpeg,6
1009.jpeg,6
1010.jpeg,6
1011.jpeg,6
1012.jpeg,6
1013.jpeg,6
1014.jpeg,6
1015.jpeg,6
1016.jpeg,7
1017.jpeg,7
1018.jpeg,7
1019.jpeg,7
1020.jpeg,7
1021.jpeg,7
1022.jpeg,7
1023.jpeg,7
1024.jpeg,7
1025.jpeg,7
1026.jpeg,7
1027.jpeg,7
1028.jpeg,7
1029.jpeg,7
1030.jpeg,7
1031.jpeg,7
1032.jpeg,7
1033.jpeg,7
1034.jpeg,7
1035.jpeg,7
1036.jpeg,7
1037.jpeg,7
1038.jpeg,7
1039.jpeg,7
1040.jpeg,7
1041.jpeg,7
1042.jpeg,7
1043.jpeg,7
1044.jpeg,7
1045.jpeg,7
1046.jpeg,7
1047.jpeg,7
1048.jpeg,7
1049.jpeg,7
1050.jpeg,7
1051.jpeg,7
1052.jpeg,7
1053.jpeg,7
1054.jpeg,7
1055.jpeg,7
1056.jpeg,7
1057.jpeg,7
1058.jpeg,7
1059.jpeg,7
1060.jpeg,7
1061.jpeg,7
1062.jpeg,7
1063.jpeg,7
1064.jpeg,7
1065.jpeg,7
1066.jpeg,7
1067.jpeg,7
1068.jpeg,7
1069.jpeg,7
1070.jpeg,7
1071.jpeg,7
1072.jpeg,7
1073.jpeg,7
1074.jpeg,7
1075.jpeg,7
1076.jpeg,7
1077.jpeg,7
1078.jpeg,7
1079.jpeg,7
1080.jpeg,7
1081.jpeg,7
1082.jpeg,7
1083.jpeg,7
1084.jpeg,7
1085.jpeg,7
1086.jpeg,7
1087.jpeg,7
1088.jpeg,7
1089.jpeg,7
1090.jpeg,7
1091.jpeg,7
1092.jpeg,7
1093.jpeg,7
1094.jpeg,7
1095.jpeg,7
1096.jpeg,7
1097.jpeg,7
1098.jpeg,7
1099.jpeg,7
1100.jpeg,7
1101.jpeg,7
1102.jpeg,7
1103.jpeg,7
1104.jpeg,7
1105.jpeg,7
1106.jpeg,7
1107.jpeg,7
1108.jpeg,7
1109.jpeg,7
1110.jpeg,7
1111.jpeg,7
1112.jpeg,7
1113.jpeg,7
1114.jpeg,7
1115.jpeg,7
1116.jpeg,7
1117.jpeg,7
1118.jpeg,7
1119.jpeg,7
1120.jpeg,7
1121.jpeg,7
1122.jpeg,7
1123.jpeg,7
1124.jpeg,7
1125.jpeg,7
1126.jpeg,7
1127.jpeg,7
1128.jpeg,7
1129.jpeg,7
1130.jpeg,7
1131.jpeg,7
1132.jpeg,7
1133.jpeg,7
1134.jpeg,7
1135.jpeg,7
1136.jpeg,7
1137.jpeg,7
1138.jpeg,7
1139.jpeg,7
1140.jpeg,7
1141.jpeg,7
1142.jpeg,7
1143.jpeg,7
1144.jpeg,7
1145.jpeg,7
1146.jpeg,7
1147.jpeg,7
1148.jpeg,7
1149.jpeg,7
1150.jpeg,7
1151.jpeg,7
1152.jpeg,7
1153.jpeg,7
1154.jpeg,7
1155.jpeg,7
1156.jpeg,7
1157.jpeg,7
1158.jpeg,7
1159.jpeg,7
1160.jpeg,7
1161.jpeg,7
1162.jpeg,7
1163.jpeg,7
1164.jpeg,7
1165.jpeg,7
1166.jpeg,8
1167.jpeg,8
1168.jpeg,8
1169.jpeg,8
1170.jpeg,8
1171.jpeg,8
1172.jpeg,8
1173.jpeg,8
1174.jpeg,8
1175.jpeg,8
1176.jpeg,8
1177.jpeg,8
1178.jpeg,8
1179.jpeg,8
1180.jpeg,8
1181.jpeg,8
1182.jpeg,8
1183.jpeg,8
1184.jpeg,8
1185.jpeg,8
1186.jpeg,8
1187.jpeg,8
1188.jpeg,8
1189.jpeg,8
1190.jpeg,8
1191.jpeg,8
1192.jpeg,8
1193.jpeg,8
1194.jpeg,8
1195.jpeg,8
1196.jpeg,8
1197.jpeg,8
1198.jpeg,8
1199.jpeg,8
1200.jpeg,8
1201.jpeg,8
1202.jpeg,8
1203.jpeg,8
1204.jpeg,8
1205.jpeg,8
1206.jpeg,8
1207.jpeg,8
1208.jpeg,8
1209.jpeg,8
1210.jpeg,8
1211.jpeg,8
1212.jpeg,8
1213.jpeg,8
1214.jpeg,8
1215.jpeg,8
1216.jpeg,8
1217.jpeg,8
1218.jpeg,8
1219.jpeg,8
1220.jpeg,8
1221.jpeg,8
1222.jpeg,8
1223.jpeg,8
1224.jpeg,8
1225.jpeg,8
1226.jpeg,8
1227.jpeg,8
1228.jpeg,8
1229.jpeg,8
1230.jpeg,8
1231.jpeg,8
1232.jpeg,8
1233.jpeg,8
1234.jpeg,8
1235.jpeg,8
1236.jpeg,8
1237.jpeg,8
1238.jpeg,8
1239.jpeg,8
1240.jpeg,8
1241.jpeg,8
1242.jpeg,8
1243.jpeg,8
1244.jpeg,8
1245.jpeg,8
1246.jpeg,8
1247.jpeg,8
1248.jpeg,8
1249.jpeg,8
1250.jpeg,8
1251.jpeg,8
1252.jpeg,8
1253.jpeg,8
1254.jpeg,8
1255.jpeg,8
1256.jpeg,8
1257.jpeg,8
1258.jpeg,8
1259.jpeg,8
1260.jpeg,8
1261.jpeg,8
1262.jpeg,8
1263.jpeg,8
1264.jpeg,8
1265.jpeg,8
1266.jpeg,8
1267.jpeg,8
1268.jpeg,8
1269.jpeg,8
1270.jpeg,8
1271.jpeg,8
1272.jpeg,8
1273.jpeg,8
1274.jpeg,8
1275.jpeg,8
1276.jpeg,8
1277.jpeg,8
1278.jpeg,8
1279.jpeg,8
1280.jpeg,8
1281.jpeg,8
1282.jpeg,8
1283.jpeg,8
1284.jpeg,8
1285.jpeg,8
1286.jpeg,8
1287.jpeg,8
1288.jpeg,8
1289.jpeg,8
1290.jpeg,8
1291.jpeg,8
1292.jpeg,8
1293.jpeg,8
1294.jpeg,8
1295.jpeg,8
1296.jpeg,8
1297.jpeg,8
1298.jpeg,8
1299.jpeg,8
1300.jpeg,8
1301.jpeg,8
1302.jpeg,8
1303.jpeg,8
1304.jpeg,8
1305.jpeg,8
1306.jpeg,8
1307.jpeg,8
1308.jpeg,8
1309.jpeg,8
1310.jpeg,8
1311.jpeg,8
1312.jpeg,8
1313.jpeg,8
1314.jpeg,8
1315.jpeg,8
1316.jpeg,8
1317.jpeg,9
1318.jpeg,9
1319.jpeg,9
1320.jpeg,9
1321.jpeg,9
1322.jpeg,9
1323.jpeg,9
1324.jpeg,9
1325.jpeg,9
1326.jpeg,9
1327.jpeg,9
1328.jpeg,9
1329.jpeg,9
1330.jpeg,9
1331.jpeg,9
1332.jpeg,9
1333.jpeg,9
1334.jpeg,9
1335.jpeg,9
1336.jpeg,9
1337.jpeg,9
1338.jpeg,9
1339.jpeg,9
1340.jpeg,9
1341.jpeg,9
1342.jpeg,9
1343.jpeg,9
1344.jpeg,9
1345.jpeg,9
1346.jpeg,9
1347.jpeg,9
1348.jpeg,9
1349.jpeg,9
1350.jpeg,9
1351.jpeg,9
1352.jpeg,9
1353.jpeg,9
1354.jpeg,9
1355.jpeg,9
1356.jpeg,9
1357.jpeg,9
1358.jpeg,9
1359.jpeg,9
1360.jpeg,9
1361.jpeg,9
1362.jpeg,9
1363.jpeg,9
1364.jpeg,9
1365.jpeg,9
1366.jpeg,9
1367.jpeg,9
1368.jpeg,9
1369.jpeg,9
1370.jpeg,9
1371.jpeg,9
1372.jpeg,9
1373.jpeg,9
1374.jpeg,9
1375.jpeg,9
1376.jpeg,9
1377.jpeg,9
1378.jpeg,9
1379.jpeg,9
1380.jpeg,9
1381.jpeg,9
1382.jpeg,9
1383.jpeg,9
1384.jpeg,9
1385.jpeg,9
1386.jpeg,9
1387.jpeg,9
1388.jpeg,9
1389.jpeg,9
1390.jpeg,9
1391.jpeg,9
1392.jpeg,9
1393.jpeg,9
1394.jpeg,9
1395.jpeg,9
1396.jpeg,9
1397.jpeg,9
1398.jpeg,9
1399.jpeg,9
1400.jpeg,9
1401.jpeg,9
1402.jpeg,9
1403.jpeg,9
1404.jpeg,9
1405.jpeg,9
1406.jpeg,9
1407.jpeg,9
1408.jpeg,9
1409.jpeg,9
1410.jpeg,9
1411.jpeg,9
1412.jpeg,9
1413.jpeg,9
1414.jpeg,9
1415.jpeg,9
1416.jpeg,9
1417.jpeg,9
1418.jpeg,9
1419.jpeg,9
1420.jpeg,9
1421.jpeg,9
1422.jpeg,9
1423.jpeg,9
1424.jpeg,9
1425.jpeg,9
1426.jpeg,9
1427.jpeg,9
1428.jpeg,9
1429.jpeg,9
1430.jpeg,9
1431.jpeg,9
1432.jpeg,9
1433.jpeg,9
1434.jpeg,9
1435.jpeg,9
1436.jpeg,9
1437.jpeg,9
1438.jpeg,9
1439.jpeg,9
1440.jpeg,9
1441.jpeg,9
1442.jpeg,9
1443.jpeg,9
1444.jpeg,9
1445.jpeg,9
1446.jpeg,9
1447.jpeg,9
1448.jpeg,9
1449.jpeg,9
1450.jpeg,9
1451.jpeg,9
1452.jpeg,9
1453.jpeg,9
1454.jpeg,9
1455.jpeg,9
1456.jpeg,9
1457.jpeg,9
1458.jpeg,9
1459.jpeg,9
1460.jpeg,9
1461.jpeg,9
1462.jpeg,9
1463.jpeg,9
1464.jpeg,9
1465.jpeg,10
1466.jpeg,10
1467.jpeg,10
1468.jpeg,10
1469.jpeg,10
1470.jpeg,10
1471.jpeg,10
1472.jpeg,10
1473.jpeg,10
1474.jpeg,10
1475.jpeg,10
1476.jpeg,10
1477.jpeg,10
1478.jpeg,10
1479.jpeg,10
1480.jpeg,10
1481.jpeg,10
1482.jpeg,10
1483.jpeg,10
1484.jpeg,10
1485.jpeg,10
1486.jpeg,10
1487.jpeg,10
1488.jpeg,10
1489.jpeg,10
1490.jpeg,10
1491.jpeg,10
1492.jpeg,10
1493.jpeg,10
1494.jpeg,10
1495.jpeg,10
1496.jpeg,10
1497.jpeg,10
1498.jpeg,10
1499.jpeg,10
1500.jpeg,10
1501.jpeg,10
1502.jpeg,10
1503.jpeg,10
1504.jpeg,10
1505.jpeg,10
1506.jpeg,10
1507.jpeg,10
1508.jpeg,10
1509.jpeg,10
1510.jpeg,10
1511.jpeg,10
1512.jpeg,10
1513.jpeg,10
1514.jpeg,10
1515.jpeg,10
1516.jpeg,10
1517.jpeg,10
1518.jpeg,10
1519.jpeg,10
1520.jpeg,10
1521.jpeg,10
1522.jpeg,10
1523.jpeg,10
1524.jpeg,10
1525.jpeg,10
1526.jpeg,10
1527.jpeg,10
1528.jpeg,10
1529.jpeg,10
1530.jpeg,10
1531.jpeg,10
1532.jpeg,10
1533.jpeg,10
1534.jpeg,10
1535.jpeg,10
1536.jpeg,10
1537.jpeg,10
1538.jpeg,10
1539.jpeg,10
1540.jpeg,10
1541.jpeg,10
1542.jpeg,10
1543.jpeg,10
1544.jpeg,10
1545.jpeg,10
1546.jpeg,10
1547.jpeg,10
1548.jpeg,10
1549.jpeg,10
1550.jpeg,10
1551.jpeg,10
1552.jpeg,10
1553.jpeg,10
1554.jpeg,10
1555.jpeg,10
1556.jpeg,10
1557.jpeg,10
1558.jpeg,10
1559.jpeg,10
1560.jpeg,10
1561.jpeg,10
1562.jpeg,10
1563.jpeg,10
1564.jpeg,10
1565.jpeg,10
1566.jpeg,10
1567.jpeg,10
1568.jpeg,10
1569.jpeg,10
1570.jpeg,10
1571.jpeg,10
1572.jpeg,10
1573.jpeg,10
1574.jpeg,10
1575.jpeg,10
1576.jpeg,10
1577.jpeg,10
1578.jpeg,10
1579.jpeg,10
1580.jpeg,10
1581.jpeg,10
1582.jpeg,10
1583.jpeg,10
1584.jpeg,10
1585.jpeg,10
1586.jpeg,10
1587.jpeg,10
1588.jpeg,10
1589.jpeg,10
1590.jpeg,10
1591.jpeg,10
1592.jpeg,10
1593.jpeg,10
1594.jpeg,10
1595.jpeg,10
1596.jpeg,10
1597.jpeg,10
1598.jpeg,10
1599.jpeg,10
1600.jpeg,10
1601.jpeg,10
1602.jpeg,10
1603.jpeg,10
1604.jpeg,10
1605.jpeg,10
1606.jpeg,10
1607.jpeg,10
1608.jpeg,10
1609.jpeg,10
1610.jpeg,10
1611.jpeg,10
1612.jpeg,10
1613.jpeg,10
1614.jpeg,10
1615.jpeg,10
1616.jpeg,11
1617.jpeg,11
1618.jpeg,11
1619.jpeg,11
1620.jpeg,11
1621.jpeg,11
1622.jpeg,11
1623.jpeg,11
1624.jpeg,11
1625.jpeg,11
1626.jpeg,11
1627.jpeg,11
1628.jpeg,11
1629.jpeg,11
1630.jpeg,11
1631.jpeg,11
1632.jpeg,11
1633.jpeg,11
1634.jpeg,11
1635.jpeg,11
1636.jpeg,11
1637.jpeg,11
1638.jpeg,11
1639.jpeg,11
1640.jpeg,11
1641.jpeg,11
1642.jpeg,11
1643.jpeg,11
1644.jpeg,11
1645.jpeg,11
1646.jpeg,11
1647.jpeg,11
1648.jpeg,11
1649.jpeg,11
1650.jpeg,11
1651.jpeg,11
1652.jpeg,11
1653.jpeg,11
1654.jpeg,11
1655.jpeg,11
1656.jpeg,11
1657.jpeg,11
1658.jpeg,11
1659.jpeg,11
1660.jpeg,11
1661.jpeg,11
1662.jpeg,11
1663.jpeg,11
1664.jpeg,11
1665.jpeg,11
1666.jpeg,11
1667.jpeg,11
1668.jpeg,11
1669.jpeg,11
1670.jpeg,11
1671.jpeg,11
1672.jpeg,11
1673.jpeg,11
1674.jpeg,11
1675.jpeg,11
1676.jpeg,11
1677.jpeg,11
1678.jpeg,11
1679.jpeg,11
1680.jpeg,11
1681.jpeg,11
1682.jpeg,11
1683.jpeg,11
1684.jpeg,11
1685.jpeg,11
1686.jpeg,11
1687.jpeg,11
1688.jpeg,11
1689.jpeg,11
1690.jpeg,11
1691.jpeg,11
1692.jpeg,11
1693.jpeg,11
1694.jpeg,11
1695.jpeg,11
1696.jpeg,11
1697.jpeg,11
1698.jpeg,11
1699.jpeg,11
1700.jpeg,11
1701.jpeg,11
1702.jpeg,11
1703.jpeg,11
1704.jpeg,11
1705.jpeg,11
1706.jpeg,11
1707.jpeg,11
1708.jpeg,11
1709.jpeg,11
1710.jpeg,11
1711.jpeg,11
1712.jpeg,11
1713.jpeg,11
1714.jpeg,11
1715.jpeg,11
1716.jpeg,11
1717.jpeg,11
1718.jpeg,11
1719.jpeg,11
1720.jpeg,11
1721.jpeg,11
1722.jpeg,11
1723.jpeg,11
1724.jpeg,11
1725.jpeg,11
1726.jpeg,11
1727.jpeg,11
1728.jpeg,11
1729.jpeg,11
1730.jpeg,11
1731.jpeg,11
1732.jpeg,11
1733.jpeg,11
1734.jpeg,11
1735.jpeg,11
1736.jpeg,11
1737.jpeg,11
1738.jpeg,11
1739.jpeg,11
1740.jpeg,11
1741.jpeg,11
1742.jpeg,11
1743.jpeg,11
1744.jpeg,11
1745.jpeg,12
1746.jpeg,12
1747.jpeg,12
1748.jpeg,12
1749.jpeg,12
1750.jpeg,12
1751.jpeg,12
1752.jpeg,12
1753.jpeg,12
1754.jpeg,12
1755.jpeg,12
1756.jpeg,12
1757.jpeg,12
1758.jpeg,12
1759.jpeg,12
1760.jpeg,12
1761.jpeg,12
1762.jpeg,12
1763.jpeg,12
1764.jpeg,12
1765.jpeg,12
1766.jpeg,12
1767.jpeg,12
1768.jpeg,12
1769.jpeg,12
1770.jpeg,12
1771.jpeg,12
1772.jpeg,12
1773.jpeg,12
1774.jpeg,12
1775.jpeg,12
1776.jpeg,12
1777.jpeg,12
1778.jpeg,12
1779.jpeg,12
1780.jpeg,12
1781.jpeg,12
1782.jpeg,12
1783.jpeg,12
1784.jpeg,12
1785.jpeg,12
1786.jpeg,12
1787.jpeg,12
1788.jpeg,12
1789.jpeg,12
1790.jpeg,12
1791.jpeg,12
1792.jpeg,12
1793.jpeg,12
1794.jpeg,12
1795.jpeg,12
1796.jpeg,12
1797.jpeg,12
1798.jpeg,12
1799.jpeg,12
1800.jpeg,12
1801.jpeg,12
1802.jpeg,12
1803.jpeg,12
1804.jpeg,12
1805.jpeg,12
1806.jpeg,12
1807.jpeg,12
1808.jpeg,12
1809.jpeg,12
1810.jpeg,12
1811.jpeg,12
1812.jpeg,12
1813.jpeg,12
1814.jpeg,12
1815.jpeg,12
1816.jpeg,12
1817.jpeg,12
1818.jpeg,12
1819.jpeg,12
1820.jpeg,12
1821.jpeg,12
1822.jpeg,12
1823.jpeg,12
1824.jpeg,12
1825.jpeg,12
1826.jpeg,12
1827.jpeg,12
1828.jpeg,12
1829.jpeg,12
1830.jpeg,12
1831.jpeg,12
1832.jpeg,12
1833.jpeg,12
1834.jpeg,12
1835.jpeg,12
1836.jpeg,12
1837.jpeg,12
1838.jpeg,12
1839.jpeg,12
1840.jpeg,12
1841.jpeg,12
1842.jpeg,12
1843.jpeg,12
1844.jpeg,12
1845.jpeg,12
1846.jpeg,12
1847.jpeg,12
1848.jpeg,12
1849.jpeg,12
1850.jpeg,12
1851.jpeg,12
1852.jpeg,12
1853.jpeg,12
1854.jpeg,12
1855.jpeg,12
1856.jpeg,12
1857.jpeg,12
1858.jpeg,12
1859.jpeg,12
1860.jpeg,12
1861.jpeg,12
1862.jpeg,12
1863.jpeg,12
1864.jpeg,12
1865.jpeg,12
1866.jpeg,12
1867.jpeg,12
1868.jpeg,12
1869.jpeg,12
1870.jpeg,12
1871.jpeg,12
1872.jpeg,12
1873.jpeg,12
1874.jpeg,12
1875.jpeg,12
1876.jpeg,12
1877.jpeg,12
1878.jpeg,12
1879.jpeg,12
1880.jpeg,12
1881.jpeg,12
1882.jpeg,12
1883.jpeg,12
1884.jpeg,12
1885.jpeg,12
1886.jpeg,12
1887.jpeg,12
1888.jpeg,12
1889.jpeg,12
1890.jpeg,12
1891.jpeg,12
1892.jpeg,12
1893.jpeg,12
1894.jpeg,13
1895.jpeg,13
1896.jpeg,13
1897.jpeg,13
1898.jpeg,13
1899.jpeg,13
1900.jpeg,13
1901.jpeg,13
1902.jpeg,13
1903.jpeg,13
1904.jpeg,13
1905.jpeg,13
1906.jpeg,13
1907.jpeg,13
1908.jpeg,13
1909.jpeg,13
1910.jpeg,13
1911.jpeg,13
1912.jpeg,13
1913.jpeg,13
1914.jpeg,13
1915.jpeg,13
1916.jpeg,13
1917.jpeg,13
1918.jpeg,13
1919.jpeg,13
1920.jpeg,13
1921.jpeg,13
1922.jpeg,13
1923.jpeg,13
1924.jpeg,13
1925.jpeg,13
1926.jpeg,13
1927.jpeg,13
1928.jpeg,13
1929.jpeg,13
1930.jpeg,13
1931.jpeg,13
1932.jpeg,13
1933.jpeg,13
1934.jpeg,13
1935.jpeg,13
1936.jpeg,13
1937.jpeg,13
1938.jpeg,13
1939.jpeg,13
1940.jpeg,13
1941.jpeg,13
1942.jpeg,13
1943.jpeg,13
1944.jpeg,13
1945.jpeg,13
1946.jpeg,13
1947.jpeg,13
1948.jpeg,13
1949.jpeg,13
1950.jpeg,13
1951.jpeg,13
1952.jpeg,13
1953.jpeg,13
1954.jpeg,13
1955.jpeg,13
1956.jpeg,13
1957.jpeg,13
1958.jpeg,13
1959.jpeg,13
1960.jpeg,13
1961.jpeg,13
1962.jpeg,13
1963.jpeg,13
1964.jpeg,13
1965.jpeg,13
1966.jpeg,13
1967.jpeg,13
1968.jpeg,13
1969.jpeg,13
1970.jpeg,13
1971.jpeg,13
1972.jpeg,13
1973.jpeg,13
1974.jpeg,13
1975.jpeg,13
1976.jpeg,13
1977.jpeg,13
1978.jpeg,13
1979.jpeg,13
1980.jpeg,13
1981.jpeg,13
1982.jpeg,13
1983.jpeg,13
1984.jpeg,13
1985.jpeg,13
1986.jpeg,13
1987.jpeg,13
1988.jpeg,13
1989.jpeg,13
1990.jpeg,13
1991.jpeg,13
1992.jpeg,13
1993.jpeg,13
1994.jpeg,13
1995.jpeg,13
1996.jpeg,13
1997.jpeg,13
1998.jpeg,13
1999.jpeg,13
2000.jpeg,13
2001.jpeg,13
2002.jpeg,13
2003.jpeg,13
2004.jpeg,13
2005.jpeg,13
2006.jpeg,13
2007.jpeg,13
2008.jpeg,13
2009.jpeg,13
2010.jpeg,13
2011.jpeg,13
2012.jpeg,13
2013.jpeg,13
2014.jpeg,13
2015.jpeg,13
2016.jpeg,13
2017.jpeg,13
2018.jpeg,13
2019.jpeg,13
2020.jpeg,13
2021.jpeg,13
2022.jpeg,13
2023.jpeg,13
2024.jpeg,13
2025.jpeg,13
2026.jpeg,13
2027.jpeg,13
2028.jpeg,13
2029.jpeg,13
2030.jpeg,13
2031.jpeg,13
2032.jpeg,13
2033.jpeg,13
2034.jpeg,13
2035.jpeg,13
2036.jpeg,13
2037.jpeg,13
2038.jpeg,13
2039.jpeg,13
2040.jpeg,13
2041.jpeg,13
2042.jpeg,13
2043.jpeg,13
2044.jpeg,13
2045.jpeg,13
2046.jpeg,13
2047.jpeg,14
2048.jpeg,14
2049.jpeg,14
2050.jpeg,14
2051.jpeg,14
2052.jpeg,14
2053.jpeg,14
2054.jpeg,14
2055.jpeg,14
2056.jpeg,14
2057.jpeg,14
2058.jpeg,14
2059.jpeg,14
2060.jpeg,14
2061.jpeg,14
2062.jpeg,14
2063.jpeg,14
2064.jpeg,14
2065.jpeg,14
2066.jpeg,14
2067.jpeg,14
2068.jpeg,14
2069.jpeg,14
2070.jpeg,14
2071.jpeg,14
2072.jpeg,14
2073.jpeg,14
2074.jpeg,14
2075.jpeg,14
2076.jpeg,14
2077.jpeg,14
2078.jpeg,14
2079.jpeg,14
2080.jpeg,14
2081.jpeg,14
2082.jpeg,14
2083.jpeg,14
2084.jpeg,14
2085.jpeg,14
2086.jpeg,14
2087.jpeg,14
2088.jpeg,14
2089.jpeg,14
2090.jpeg,14
2091.jpeg,14
2092.jpeg,14
2093.jpeg,14
2094.jpeg,14
2095.jpeg,14
2096.jpeg,14
2097.jpeg,14
2098.jpeg,14
2099.jpeg,14
2100.jpeg,14
2101.jpeg,14
2102.jpeg,14
2103.jpeg,14
2104.jpeg,14
2105.jpeg,14
2106.jpeg,14
2107.jpeg,14
2108.jpeg,14
2109.jpeg,14
2110.jpeg,14
2111.jpeg,14
2112.jpeg,14
2113.jpeg,14
2114.jpeg,14
2115.jpeg,14
2116.jpeg,14
2117.jpeg,14
2118.jpeg,14
2119.jpeg,14
2120.jpeg,14
2121.jpeg,14
2122.jpeg,14
2123.jpeg,14
2124.jpeg,14
2125.jpeg,14
2126.jpeg,14
2127.jpeg,14
2128.jpeg,14
2129.jpeg,14
2130.jpeg,14
2131.jpeg,14
2132.jpeg,14
2133.jpeg,14
2134.jpeg,14
2135.jpeg,14
2136.jpeg,14
2137.jpeg,14
2138.jpeg,14
2139.jpeg,14
2140.jpeg,14
2141.jpeg,14
2142.jpeg,14
2143.jpeg,14
2144.jpeg,14
2145.jpeg,14
2146.jpeg,14
2147.jpeg,14
2148.jpeg,14
2149.jpeg,14
2150.jpeg,14
2151.jpeg,14
2152.jpeg,14
2153.jpeg,14
2154.jpeg,14
2155.jpeg,14
2156.jpeg,14
2157.jpeg,14
2158.jpeg,14
2159.jpeg,14
2160.jpeg,14
2161.jpeg,14
2162.jpeg,14
2163.jpeg,14
2164.jpeg,14
2165.jpeg,14
2166.jpeg,14
2167.jpeg,14
2168.jpeg,14
2169.jpeg,14
2170.jpeg,14
2171.jpeg,14
2172.jpeg,14
2173.jpeg,14
2174.jpeg,14
2175.jpeg,14
2176.jpeg,14
2177.jpeg,14
2178.jpeg,14
2179.jpeg,14
2180.jpeg,14
2181.jpeg,14
2182.jpeg,14
2183.jpeg,14
2184.jpeg,14
2185.jpeg,14
2186.jpeg,14
2187.jpeg,14
2188.jpeg,14
2189.jpeg,14
2190.jpeg,14
2191.jpeg,14
2192.jpeg,14
2193.jpeg,14
2194.jpeg,14
2195.jpeg,14
2196.jpeg,14
2197.jpeg,14
2198.jpeg,14
2199.jpeg,14
2200.jpeg,14
2201.jpeg,15
2202.jpeg,15
2203.jpeg,15
2204.jpeg,15
2205.jpeg,15
2206.jpeg,15
2207.jpeg,15
2208.jpeg,15
2209.jpeg,15
2210.jpeg,15
2211.jpeg,15
2212.jpeg,15
2213.jpeg,15
2214.jpeg,15
2215.jpeg,15
2216.jpeg,15
2217.jpeg,15
2218.jpeg,15
2219.jpeg,15
2220.jpeg,15
2221.jpeg,15
2222.jpeg,15
2223.jpeg,15
2224.jpeg,15
2225.jpeg,15
2226.jpeg,15
2227.jpeg,15
2228.jpeg,15
2229.jpeg,15
2230.jpeg,15
2231.jpeg,15
2232.jpeg,15
2233.jpeg,15
2234.jpeg,15
2235.jpeg,15
2236.jpeg,15
2237.jpeg,15
2238.jpeg,15
2239.jpeg,15
2240.jpeg,15
2241.jpeg,15
2242.jpeg,15
2243.jpeg,15
2244.jpeg,15
2245.jpeg,15
2246.jpeg,15
2247.jpeg,15
2248.jpeg,15
2249.jpeg,15
2250.jpeg,15
2251.jpeg,15
2252.jpeg,15
2253.jpeg,15
2254.jpeg,15
2255.jpeg,15
2256.jpeg,15
2257.jpeg,15
2258.jpeg,15
2259.jpeg,15
2260.jpeg,15
2261.jpeg,15
2262.jpeg,15
2263.jpeg,15
2264.jpeg,15
2265.jpeg,15
2266.jpeg,15
2267.jpeg,15
2268.jpeg,15
2269.jpeg,15
2270.jpeg,15
2271.jpeg,15
2272.jpeg,15
2273.jpeg,15
2274.jpeg,15
2275.jpeg,15
2276.jpeg,15
2277.jpeg,15
2278.jpeg,15
2279.jpeg,15
2280.jpeg,15
2281.jpeg,15
2282.jpeg,15
2283.jpeg,15
2284.jpeg,15
2285.jpeg,15
2286.jpeg,15
2287.jpeg,15
2288.jpeg,15
2289.jpeg,15
2290.jpeg,15
2291.jpeg,15
2292.jpeg,15
2293.jpeg,15
2294.jpeg,15
2295.jpeg,15
2296.jpeg,15
2297.jpeg,15
2298.jpeg,15
2299.jpeg,15
2300.jpeg,15
2301.jpeg,15
2302.jpeg,15
2303.jpeg,15
2304.jpeg,15
2305.jpeg,15
2306.jpeg,15
2307.jpeg,15
2308.jpeg,15
2309.jpeg,15
2310.jpeg,15
2311.jpeg,15
2312.jpeg,15
2313.jpeg,15
2314.jpeg,15
2315.jpeg,15
2316.jpeg,15
2317.jpeg,15
2318.jpeg,15
2319.jpeg,15
2320.jpeg,15
2321.jpeg,15
2322.jpeg,15
2323.jpeg,15
2324.jpeg,15
2325.jpeg,15
2326.jpeg,15
2327.jpeg,15
2328.jpeg,15
2329.jpeg,15
2330.jpeg,15
2331.jpeg,15
2332.jpeg,15
2333.jpeg,15
2334.jpeg,15
2335.jpeg,15
2336.jpeg,15
2337.jpeg,15
2338.jpeg,15
2339.jpeg,15
2340.jpeg,15
2341.jpeg,15
2342.jpeg,15
2343.jpeg,15
2344.jpeg,15
2345.jpeg,15
2346.jpeg,15
2347.jpeg,15
2348.jpeg,15
2349.jpeg,15
2350.jpeg,16
2351.jpeg,16
2352.jpeg,16
2353.jpeg,16
2354.jpeg,16
2355.jpeg,16
2356.jpeg,16
2357.jpeg,16
2358.jpeg,16
2359.jpeg,16
2360.jpeg,16
2361.jpeg,16
2362.jpeg,16
2363.jpeg,16
2364.jpeg,16
2365.jpeg,16
2366.jpeg,16
2367.jpeg,16
2368.jpeg,16
2369.jpeg,16
2370.jpeg,16
2371.jpeg,16
2372.jpeg,16
2373.jpeg,16
2374.jpeg,16
2375.jpeg,16
2376.jpeg,16
2377.jpeg,16
2378.jpeg,16
2379.jpeg,16
2380.jpeg,16
2381.jpeg,16
2382.jpeg,16
2383.jpeg,16
2384.jpeg,16
2385.jpeg,16
2386.jpeg,16
2387.jpeg,16
2388.jpeg,16
2389.jpeg,16
2390.jpeg,16
2391.jpeg,16
2392.jpeg,16
2393.jpeg,16
2394.jpeg,16
2395.jpeg,16
2396.jpeg,16
2397.jpeg,16
2398.jpeg,16
2399.jpeg,16
2400.jpeg,16
2401.jpeg,16
2402.jpeg,16
2403.jpeg,16
2404.jpeg,16
2405.jpeg,16
2406.jpeg,16
2407.jpeg,16
2408.jpeg,16
2409.jpeg,16
2410.jpeg,16
2411.jpeg,16
2412.jpeg,16
2413.jpeg,16
2414.jpeg,16
2415.jpeg,16
2416.jpeg,16
2417.jpeg,16
2418.jpeg,16
2419.jpeg,16
2420.jpeg,16
2421.jpeg,16
2422.jpeg,16
2423.jpeg,16
2424.jpeg,16
2425.jpeg,16
2426.jpeg,16
2427.jpeg,16
2428.jpeg,16
2429.jpeg,16
2430.jpeg,16
2431.jpeg,16
2432.jpeg,16
2433.jpeg,16
2434.jpeg,16
2435.jpeg,16
2436.jpeg,16
2437.jpeg,16
2438.jpeg,16
2439.jpeg,16
2440.jpeg,16
2441.jpeg,16
2442.jpeg,16
2443.jpeg,16
2444.jpeg,16
2445.jpeg,16
2446.jpeg,16
2447.jpeg,16
2448.jpeg,16
2449.jpeg,16
2450.jpeg,16
2451.jpeg,16
2452.jpeg,16
2453.jpeg,16
2454.jpeg,16
2455.jpeg,16
2456.jpeg,16
2457.jpeg,16
2458.jpeg,16
2459.jpeg,16
2460.jpeg,16
2461.jpeg,16
2462.jpeg,16
2463.jpeg,16
2464.jpeg,16
2465.jpeg,16
2466.jpeg,16
2467.jpeg,16
2468.jpeg,16
2469.jpeg,16
2470.jpeg,16
2471.jpeg,16
2472.jpeg,16
2473.jpeg,16
2474.jpeg,16
2475.jpeg,16
2476.jpeg,16
2477.jpeg,16
2478.jpeg,16
2479.jpeg,16
2480.jpeg,16
2481.jpeg,16
2482.jpeg,16
2483.jpeg,16
2484.jpeg,16
2485.jpeg,16
2486.jpeg,16
2487.jpeg,16
2488.jpeg,16
2489.jpeg,16
2490.jpeg,16
2491.jpeg,16
2492.jpeg,16
2493.jpeg,16
2494.jpeg,16
2495.jpeg,16
2496.jpeg,16
2497.jpeg,16
2498.jpeg,16
2499.jpeg,16
2500.jpeg,16
2501.jpeg,16
2502.jpeg,16
2503.jpeg,17
2504.jpeg,17
2505.jpeg,17
2506.jpeg,17
2507.jpeg,17
2508.jpeg,17
2509.jpeg,17
2510.jpeg,17
2511.jpeg,17
2512.jpeg,17
2513.jpeg,17
2514.jpeg,17
2515.jpeg,17
2516.jpeg,17
2517.jpeg,17
2518.jpeg,17
2519.jpeg,17
2520.jpeg,17
2521.jpeg,17
2522.jpeg,17
2523.jpeg,17
2524.jpeg,17
2525.jpeg,17
2526.jpeg,17
2527.jpeg,17
2528.jpeg,17
2529.jpeg,17
2530.jpeg,17
2531.jpeg,17
2532.jpeg,17
2533.jpeg,17
2534.jpeg,17
2535.jpeg,17
2536.jpeg,17
2537.jpeg,17
2538.jpeg,17
2539.jpeg,17
2540.jpeg,17
2541.jpeg,17
2542.jpeg,17
2543.jpeg,17
2544.jpeg,17
2545.jpeg,17
2546.jpeg,17
2547.jpeg,17
2548.jpeg,17
2549.jpeg,17
2550.jpeg,17
2551.jpeg,17
2552.jpeg,17
2553.jpeg,17
2554.jpeg,17
2555.jpeg,17
2556.jpeg,17
2557.jpeg,17
2558.jpeg,17
2559.jpeg,17
2560.jpeg,17
2561.jpeg,17
2562.jpeg,17
2563.jpeg,17
2564.jpeg,17
2565.jpeg,17
2566.jpeg,17
2567.jpeg,17
2568.jpeg,17
2569.jpeg,17
2570.jpeg,17
2571.jpeg,17
2572.jpeg,17
2573.jpeg,17
2574.jpeg,17
2575.jpeg,17
2576.jpeg,17
2577.jpeg,17
2578.jpeg,17
2579.jpeg,17
2580.jpeg,17
2581.jpeg,17
2582.jpeg,17
2583.jpeg,17
2584.jpeg,17
2585.jpeg,17
2586.jpeg,17
2587.jpeg,17
2588.jpeg,17
2589.jpeg,17
2590.jpeg,17
2591.jpeg,17
2592.jpeg,17
2593.jpeg,17
2594.jpeg,17
2595.jpeg,17
2596.jpeg,17
2597.jpeg,17
2598.jpeg,17
2599.jpeg,17
2600.jpeg,17
2601.jpeg,17
2602.jpeg,17
2603.jpeg,17
2604.jpeg,17
2605.jpeg,17
2606.jpeg,17
2607.jpeg,17
2608.jpeg,17
2609.jpeg,17
2610.jpeg,17
2611.jpeg,17
2612.jpeg,17
2613.jpeg,17
2614.jpeg,17
2615.jpeg,17
2616.jpeg,17
2617.jpeg,17
2618.jpeg,17
2619.jpeg,17
2620.jpeg,17
2621.jpeg,17
2622.jpeg,17
2623.jpeg,17
2624.jpeg,17
2625.jpeg,17
2626.jpeg,17
2627.jpeg,17
2628.jpeg,17
2629.jpeg,17
2630.jpeg,17
2631.jpeg,17
2632.jpeg,17
2633.jpeg,17
2634.jpeg,17
2635.jpeg,17
2636.jpeg,17
2637.jpeg,17
2638.jpeg,17
2639.jpeg,17
2640.jpeg,17
2641.jpeg,17
2642.jpeg,17
2643.jpeg,17
2644.jpeg,17
2645.jpeg,17
2646.jpeg,17
2647.jpeg,17
2648.jpeg,17
2649.jpeg,17
2650.jpeg,17
2651.jpeg,17
2652.jpeg,17
2653.jpeg,17
2654.jpeg,17
2655.jpeg,17
2656.jpeg,17
2657.jpeg,17
2658.jpeg,17
2659.jpeg,18
2660.jpeg,18
2661.jpeg,18
2662.jpeg,18
2663.jpeg,18
2664.jpeg,18
2665.jpeg,18
2666.jpeg,18
2667.jpeg,18
2668.jpeg,18
2669.jpeg,18
2670.jpeg,18
2671.jpeg,18
2672.jpeg,18
2673.jpeg,18
2674.jpeg,18
2675.jpeg,18
2676.jpeg,18
2677.jpeg,18
2678.jpeg,18
2679.jpeg,18
2680.jpeg,18
2681.jpeg,18
2682.jpeg,18
2683.jpeg,18
2684.jpeg,18
2685.jpeg,18
2686.jpeg,18
2687.jpeg,18
2688.jpeg,18
2689.jpeg,18
2690.jpeg,18
2691.jpeg,18
2692.jpeg,18
2693.jpeg,18
2694.jpeg,18
2695.jpeg,18
2696.jpeg,18
2697.jpeg,18
2698.jpeg,18
2699.jpeg,18
2700.jpeg,18
2701.jpeg,18
2702.jpeg,18
2703.jpeg,18
2704.jpeg,18
2705.jpeg,18
2706.jpeg,18
2707.jpeg,18
2708.jpeg,18
2709.jpeg,18
2710.jpeg,18
2711.jpeg,18
2712.jpeg,18
2713.jpeg,18
2714.jpeg,18
2715.jpeg,18
2716.jpeg,18
2717.jpeg,18
2718.jpeg,18
2719.jpeg,18
2720.jpeg,18
2721.jpeg,18
2722.jpeg,18
2723.jpeg,18
2724.jpeg,18
2725.jpeg,18
2726.jpeg,18
2727.jpeg,18
2728.jpeg,18
2729.jpeg,18
2730.jpeg,18
2731.jpeg,18
2732.jpeg,18
2733.jpeg,18
2734.jpeg,18
2735.jpeg,18
2736.jpeg,18
2737.jpeg,18
2738.jpeg,18
2739.jpeg,18
2740.jpeg,18
2741.jpeg,18
2742.jpeg,18
2743.jpeg,18
2744.jpeg,18
2745.jpeg,18
2746.jpeg,18
2747.jpeg,18
2748.jpeg,18
2749.jpeg,18
2750.jpeg,18
2751.jpeg,18
2752.jpeg,18
2753.jpeg,18
2754.jpeg,18
2755.jpeg,18
2756.jpeg,18
2757.jpeg,18
2758.jpeg,18
2759.jpeg,18
2760.jpeg,18
2761.jpeg,18
2762.jpeg,18
2763.jpeg,18
2764.jpeg,18
2765.jpeg,18
2766.jpeg,18
2767.jpeg,18
2768.jpeg,18
2769.jpeg,18
2770.jpeg,18
2771.jpeg,18
2772.jpeg,18
2773.jpeg,18
2774.jpeg,18
2775.jpeg,18
2776.jpeg,18
2777.jpeg,18
2778.jpeg,18
2779.jpeg,18
2780.jpeg,18
2781.jpeg,18
2782.jpeg,18
2783.jpeg,18
2784.jpeg,18
2785.jpeg,18
2786.jpeg,18
2787.jpeg,18
2788.jpeg,18
2789.jpeg,18
2790.jpeg,18
2791.jpeg,18
2792.jpeg,18
2793.jpeg,18
2794.jpeg,18
2795.jpeg,18
2796.jpeg,18
2797.jpeg,18
2798.jpeg,18
2799.jpeg,18
2800.jpeg,18
2801.jpeg,18
2802.jpeg,18
2803.jpeg,18
2804.jpeg,18
2805.jpeg,18
2806.jpeg,18
2807.jpeg,18
2808.jpeg,18
2809.jpeg,18
2810.jpeg,19
2811.jpeg,19
2812.jpeg,19
2813.jpeg,19
2814.jpeg,19
2815.jpeg,19
2816.jpeg,19
2817.jpeg,19
2818.jpeg,19
2819.jpeg,19
2820.jpeg,19
2821.jpeg,19
2822.jpeg,19
2823.jpeg,19
2824.jpeg,19
2825.jpeg,19
2826.jpeg,19
2827.jpeg,19
2828.jpeg,19
2829.jpeg,19
2830.jpeg,19
2831.jpeg,19
2832.jpeg,19
2833.jpeg,19
2834.jpeg,19
2835.jpeg,19
2836.jpeg,19
2837.jpeg,19
2838.jpeg,19
2839.jpeg,19
2840.jpeg,19
2841.jpeg,19
2842.jpeg,19
2843.jpeg,19
2844.jpeg,19
2845.jpeg,19
2846.jpeg,19
2847.jpeg,19
2848.jpeg,19
2849.jpeg,19
2850.jpeg,19
2851.jpeg,19
2852.jpeg,19
2853.jpeg,19
2854.jpeg,19
2855.jpeg,19
2856.jpeg,19
2857.jpeg,19
2858.jpeg,19
2859.jpeg,19
2860.jpeg,19
2861.jpeg,19
2862.jpeg,19
2863.jpeg,19
2864.jpeg,19
2865.jpeg,19
2866.jpeg,19
2867.jpeg,19
2868.jpeg,19
2869.jpeg,19
2870.jpeg,19
2871.jpeg,19
2872.jpeg,19
2873.jpeg,19
2874.jpeg,19
2875.jpeg,19
2876.jpeg,19
2877.jpeg,19
2878.jpeg,19
2879.jpeg,19
2880.jpeg,19
2881.jpeg,19
2882.jpeg,19
2883.jpeg,19
2884.jpeg,19
2885.jpeg,19
2886.jpeg,19
2887.jpeg,19
2888.jpeg,19
2889.jpeg,19
2890.jpeg,19
2891.jpeg,19
2892.jpeg,19
2893.jpeg,19
2894.jpeg,19
2895.jpeg,19
2896.jpeg,19
2897.jpeg,19
2898.jpeg,19
2899.jpeg,19
2900.jpeg,19
2901.jpeg,19
2902.jpeg,19
2903.jpeg,19
2904.jpeg,19
2905.jpeg,19
2906.jpeg,19
2907.jpeg,19
2908.jpeg,19
2909.jpeg,19
2910.jpeg,19
2911.jpeg,19
2912.jpeg,19
2913.jpeg,19
2914.jpeg,19
2915.jpeg,19
2916.jpeg,19
2917.jpeg,19
2918.jpeg,19
2919.jpeg,19
2920.jpeg,19
2921.jpeg,19
2922.jpeg,19
2923.jpeg,19
2924.jpeg,19
2925.jpeg,19
2926.jpeg,19
2927.jpeg,19
2928.jpeg,19
2929.jpeg,19
2930.jpeg,19
2931.jpeg,19
2932.jpeg,19
2933.jpeg,19
2934.jpeg,19
2935.jpeg,19
2936.jpeg,19
2937.jpeg,19
2938.jpeg,19
2939.jpeg,19
2940.jpeg,19
2941.jpeg,19
2942.jpeg,19
2943.jpeg,19
2944.jpeg,19
2945.jpeg,19
2946.jpeg,19
2947.jpeg,19
2948.jpeg,19
2949.jpeg,19
2950.jpeg,19
2951.jpeg,19
2952.jpeg,19
2953.jpeg,19
2954.jpeg,19
2955.jpeg,19
2956.jpeg,19
2957.jpeg,19
2958.jpeg,19
2959.jpeg,19
2960.jpeg,19
2961.jpeg,19
2962.jpeg,19
2963.jpeg,19
2964.jpeg,19
2965.jpeg,19
2966.jpeg,20
2967.jpeg,20
2968.jpeg,20
2969.jpeg,20
2970.jpeg,20
2971.jpeg,20
2972.jpeg,20
2973.jpeg,20
2974.jpeg,20
2975.jpeg,20
2976.jpeg,20
2977.jpeg,20
2978.jpeg,20
2979.jpeg,20
2980.jpeg,20
2981.jpeg,20
2982.jpeg,20
2983.jpeg,20
2984.jpeg,20
2985.jpeg,20
2986.jpeg,20
2987.jpeg,20
2988.jpeg,20
2989.jpeg,20
2990.jpeg,20
2991.jpeg,20
2992.jpeg,20
2993.jpeg,20
2994.jpeg,20
2995.jpeg,20
2996.jpeg,20
2997.jpeg,20
2998.jpeg,20
2999.jpeg,20
3000.jpeg,20
3001.jpeg,20
3002.jpeg,20
3003.jpeg,20
3004.jpeg,20
3005.jpeg,20
3006.jpeg,20
3007.jpeg,20
3008.jpeg,20
3009.jpeg,20
3010.jpeg,20
3011.jpeg,20
3012.jpeg,20
3013.jpeg,20
3014.jpeg,20
3015.jpeg,20
3016.jpeg,20
3017.jpeg,20
3018.jpeg,20
3019.jpeg,20
3020.jpeg,20
3021.jpeg,20
3022.jpeg,20
3023.jpeg,20
3024.jpeg,20
3025.jpeg,20
3026.jpeg,20
3027.jpeg,20
3028.jpeg,20
3029.jpeg,20
3030.jpeg,20
3031.jpeg,20
3032.jpeg,20
3033.jpeg,20
3034.jpeg,20
3035.jpeg,20
3036.jpeg,20
3037.jpeg,20
3038.jpeg,20
3039.jpeg,20
3040.jpeg,20
3041.jpeg,20
3042.jpeg,20
3043.jpeg,20
3044.jpeg,20
3045.jpeg,20
3046.jpeg,20
3047.jpeg,20
3048.jpeg,20
3049.jpeg,20
3050.jpeg,20
3051.jpeg,20
3052.jpeg,20
3053.jpeg,20
3054.jpeg,20
3055.jpeg,20
3056.jpeg,20
3057.jpeg,20
3058.jpeg,20
3059.jpeg,20
3060.jpeg,20
3061.jpeg,20
3062.jpeg,20
3063.jpeg,20
3064.jpeg,20
3065.jpeg,20
3066.jpeg,20
3067.jpeg,20
3068.jpeg,20
3069.jpeg,20
3070.jpeg,20
3071.jpeg,20
3072.jpeg,20
3073.jpeg,20
3074.jpeg,20
3075.jpeg,20
3076.jpeg,20
3077.jpeg,20
3078.jpeg,20
3079.jpeg,20
3080.jpeg,20
3081.jpeg,20
3082.jpeg,20
3083.jpeg,20
3084.jpeg,20
3085.jpeg,20
3086.jpeg,20
3087.jpeg,20
3088.jpeg,20
3089.jpeg,20
3090.jpeg,20
3091.jpeg,20
3092.jpeg,20
3093.jpeg,20
3094.jpeg,20
3095.jpeg,20
3096.jpeg,20
3097.jpeg,20
3098.jpeg,20
3099.jpeg,20
3100.jpeg,20
3101.jpeg,20
3102.jpeg,20
3103.jpeg,20
3104.jpeg,20
3105.jpeg,20
3106.jpeg,20
3107.jpeg,20
3108.jpeg,20
3109.jpeg,20
3110.jpeg,20
3111.jpeg,21
3112.jpeg,21
3113.jpeg,21
3114.jpeg,21
3115.jpeg,21
3116.jpeg,21
3117.jpeg,21
3118.jpeg,21
3119.jpeg,21
3120.jpeg,21
3121.jpeg,21
3122.jpeg,21
3123.jpeg,21
3124.jpeg,21
3125.jpeg,21
3126.jpeg,21
3127.jpeg,21
3128.jpeg,21
3129.jpeg,21
3130.jpeg,21
3131.jpeg,21
3132.jpeg,21
3133.jpeg,21
3134.jpeg,21
3135.jpeg,21
3136.jpeg,21
3137.jpeg,21
3138.jpeg,21
3139.jpeg,21
3140.jpeg,21
3141.jpeg,21
3142.jpeg,21
3143.jpeg,21
3144.jpeg,21
3145.jpeg,21
3146.jpeg,21
3147.jpeg,21
3148.jpeg,21
3149.jpeg,21
3150.jpeg,21
3151.jpeg,21
3152.jpeg,21
3153.jpeg,21
3154.jpeg,21
3155.jpeg,21
3156.jpeg,21
3157.jpeg,21
3158.jpeg,21
3159.jpeg,21
3160.jpeg,21
3161.jpeg,21
3162.jpeg,21
3163.jpeg,21
3164.jpeg,21
3165.jpeg,21
3166.jpeg,21
3167.jpeg,21
3168.jpeg,21
3169.jpeg,21
3170.jpeg,21
3171.jpeg,21
3172.jpeg,21
3173.jpeg,21
3174.jpeg,21
3175.jpeg,21
3176.jpeg,21
3177.jpeg,21
3178.jpeg,21
3179.jpeg,21
3180.jpeg,21
3181.jpeg,21
3182.jpeg,21
3183.jpeg,21
3184.jpeg,21
3185.jpeg,21
3186.jpeg,21
3187.jpeg,21
3188.jpeg,21
3189.jpeg,21
3190.jpeg,21
3191.jpeg,21
3192.jpeg,21
3193.jpeg,21
3194.jpeg,21
3195.jpeg,21
3196.jpeg,21
3197.jpeg,21
3198.jpeg,21
3199.jpeg,21
3200.jpeg,21
3201.jpeg,21
3202.jpeg,21
3203.jpeg,21
3204.jpeg,21
3205.jpeg,21
3206.jpeg,21
3207.jpeg,21
3208.jpeg,21
3209.jpeg,21
3210.jpeg,21
3211.jpeg,21
3212.jpeg,21
3213.jpeg,21
3214.jpeg,21
3215.jpeg,21
3216.jpeg,21
3217.jpeg,21
3218.jpeg,21
3219.jpeg,21
3220.jpeg,21
3221.jpeg,21
3222.jpeg,21
3223.jpeg,21
3224.jpeg,21
3225.jpeg,21
3226.jpeg,21
3227.jpeg,21
3228.jpeg,21
3229.jpeg,21
3230.jpeg,22
3231.jpeg,22
3232.jpeg,22
3233.jpeg,22
3234.jpeg,22
3235.jpeg,22
3236.jpeg,22
3237.jpeg,22
3238.jpeg,22
3239.jpeg,22
3240.jpeg,22
3241.jpeg,22
3242.jpeg,22
3243.jpeg,22
3244.jpeg,22
3245.jpeg,22
3246.jpeg,22
3247.jpeg,22
3248.jpeg,22
3249.jpeg,22
3250.jpeg,22
3251.jpeg,22
3252.jpeg,22
3253.jpeg,22
3254.jpeg,22
3255.jpeg,22
3256.jpeg,22
3257.jpeg,22
3258.jpeg,22
3259.jpeg,22
3260.jpeg,22
3261.jpeg,22
3262.jpeg,22
3263.jpeg,22
3264.jpeg,22
3265.jpeg,22
3266.jpeg,22
3267.jpeg,22
3268.jpeg,22
3269.jpeg,22
3270.jpeg,22
3271.jpeg,22
3272.jpeg,22
3273.jpeg,22
3274.jpeg,22
3275.jpeg,22
3276.jpeg,22
3277.jpeg,22
3278.jpeg,22
3279.jpeg,22
3280.jpeg,22
3281.jpeg,22
3282.jpeg,22
3283.jpeg,22
3284.jpeg,22
3285.jpeg,22
3286.jpeg,22
3287.jpeg,22
3288.jpeg,22
3289.jpeg,22
3290.jpeg,22
3291.jpeg,22
3292.jpeg,22
3293.jpeg,22
3294.jpeg,22
3295.jpeg,22
3296.jpeg,22
3297.jpeg,22
3298.jpeg,22
3299.jpeg,22
3300.jpeg,22
3301.jpeg,22
3302.jpeg,22
3303.jpeg,22
3304.jpeg,22
3305.jpeg,22
3306.jpeg,22
3307.jpeg,22
3308.jpeg,22
3309.jpeg,22
3310.jpeg,22
3311.jpeg,22
3312.jpeg,22
3313.jpeg,22
3314.jpeg,22
3315.jpeg,22
3316.jpeg,22
3317.jpeg,22
3318.jpeg,22
3319.jpeg,22
3320.jpeg,22
3321.jpeg,22
3322.jpeg,22
3323.jpeg,22
3324.jpeg,22
3325.jpeg,22
3326.jpeg,22
3327.jpeg,22
3328.jpeg,22
3329.jpeg,22
3330.jpeg,22
3331.jpeg,22
3332.jpeg,22
3333.jpeg,22
3334.jpeg,22
3335.jpeg,22
3336.jpeg,22
3337.jpeg,22
3338.jpeg,22
3339.jpeg,22
3340.jpeg,22
3341.jpeg,22
3342.jpeg,22
3343.jpeg,22
3344.jpeg,22
3345.jpeg,22
3346.jpeg,22
3347.jpeg,22
3348.jpeg,22
3349.jpeg,22
3350.jpeg,22
3351.jpeg,22
3352.jpeg,22
3353.jpeg,22
3354.jpeg,22
3355.jpeg,22
3356.jpeg,22
3357.jpeg,22
3358.jpeg,22
3359.jpeg,22
3360.jpeg,22
3361.jpeg,22
3362.jpeg,22
3363.jpeg,22
3364.jpeg,22
3365.jpeg,22
3366.jpeg,22
3367.jpeg,22
3368.jpeg,22
3369.jpeg,22
3370.jpeg,22
3371.jpeg,22
3372.jpeg,22
3373.jpeg,22
3374.jpeg,22
3375.jpeg,22
3376.jpeg,23
3377.jpeg,23
3378.jpeg,23
3379.jpeg,23
3380.jpeg,23
3381.jpeg,23
3382.jpeg,23
3383.jpeg,23
3384.jpeg,23
3385.jpeg,23
3386.jpeg,23
3387.jpeg,23
3388.jpeg,23
3389.jpeg,23
3390.jpeg,23
3391.jpeg,23
3392.jpeg,23
3393.jpeg,23
3394.jpeg,23
3395.jpeg,23
3396.jpeg,23
3397.jpeg,23
3398.jpeg,23
3399.jpeg,23
3400.jpeg,23
3401.jpeg,23
3402.jpeg,23
3403.jpeg,23
3404.jpeg,23
3405.jpeg,23
3406.jpeg,23
3407.jpeg,23
3408.jpeg,23
3409.jpeg,23
3410.jpeg,23
3411.jpeg,23
3412.jpeg,23
3413.jpeg,23
3414.jpeg,23
3415.jpeg,23
3416.jpeg,23
3417.jpeg,23
3418.jpeg,23
3419.jpeg,23
3420.jpeg,23
3421.jpeg,23
3422.jpeg,23
3423.jpeg,23
3424.jpeg,23
3425.jpeg,23
3426.jpeg,23
3427.jpeg,23
3428.jpeg,23
3429.jpeg,23
3430.jpeg,23
3431.jpeg,23
3432.jpeg,23
3433.jpeg,23
3434.jpeg,23
3435.jpeg,23
3436.jpeg,23
3437.jpeg,23
3438.jpeg,23
3439.jpeg,23
3440.jpeg,23
3441.jpeg,23
3442.jpeg,23
3443.jpeg,23
3444.jpeg,23
3445.jpeg,23
3446.jpeg,23
3447.jpeg,23
3448.jpeg,23
3449.jpeg,23
3450.jpeg,23
3451.jpeg,23
3452.jpeg,23
3453.jpeg,23
3454.jpeg,23
3455.jpeg,23
3456.jpeg,23
3457.jpeg,23
3458.jpeg,23
3459.jpeg,23
3460.jpeg,23
3461.jpeg,23
3462.jpeg,23
3463.jpeg,23
3464.jpeg,23
3465.jpeg,23
3466.jpeg,23
3467.jpeg,23
3468.jpeg,23
3469.jpeg,23
3470.jpeg,23
3471.jpeg,23
3472.jpeg,23
3473.jpeg,23
3474.jpeg,23
3475.jpeg,23
3476.jpeg,23
3477.jpeg,23
3478.jpeg,23
3479.jpeg,23
3480.jpeg,23
3481.jpeg,23
3482.jpeg,23
3483.jpeg,23
3484.jpeg,23
3485.jpeg,23
3486.jpeg,23
3487.jpeg,23
3488.jpeg,23
3489.jpeg,23
3490.jpeg,23
3491.jpeg,23
3492.jpeg,23
3493.jpeg,23
3494.jpeg,23
3495.jpeg,23
3496.jpeg,23
3497.jpeg,23
3498.jpeg,23
3499.jpeg,23
3500.jpeg,23
3501.jpeg,23
3502.jpeg,23
3503.jpeg,23
3504.jpeg,23
3505.jpeg,23
3506.jpeg,23
3507.jpeg,23
3508.jpeg,23
3509.jpeg,23
3510.jpeg,23
3511.jpeg,23
3512.jpeg,23
3513.jpeg,23
3514.jpeg,23
3515.jpeg,23
3516.jpeg,23
3517.jpeg,23
3518.jpeg,23
3519.jpeg,23
3520.jpeg,23
3521.jpeg,23
3522.jpeg,23
3523.jpeg,23
3524.jpeg,23
3525.jpeg,23
3526.jpeg,23
3527.jpeg,24
3528.jpeg,24
3529.jpeg,24
3530.jpeg,24
3531.jpeg,24
3532.jpeg,24
3533.jpeg,24
3534.jpeg,24
3535.jpeg,24
3536.jpeg,24
3537.jpeg,24
3538.jpeg,24
3539.jpeg,24
3540.jpeg,24
3541.jpeg,24
3542.jpeg,24
3543.jpeg,24
3544.jpeg,24
3545.jpeg,24
3546.jpeg,24
3547.jpeg,24
3548.jpeg,24
3549.jpeg,24
3550.jpeg,24
3551.jpeg,24
3552.jpeg,24
3553.jpeg,24
3554.jpeg,24
3555.jpeg,24
3556.jpeg,24
3557.jpeg,24
3558.jpeg,24
3559.jpeg,24
3560.jpeg,24
3561.jpeg,24
3562.jpeg,24
3563.jpeg,24
3564.jpeg,24
3565.jpeg,24
3566.jpeg,24
3567.jpeg,24
3568.jpeg,24
3569.jpeg,24
3570.jpeg,24
3571.jpeg,24
3572.jpeg,24
3573.jpeg,24
3574.jpeg,24
3575.jpeg,24
3576.jpeg,24
3577.jpeg,24
3578.jpeg,24
3579.jpeg,24
3580.jpeg,24
3581.jpeg,24
3582.jpeg,24
3583.jpeg,24
3584.jpeg,24
3585.jpeg,24
3586.jpeg,24
3587.jpeg,24
3588.jpeg,24
3589.jpeg,24
3590.jpeg,24
3591.jpeg,24
3592.jpeg,24
3593.jpeg,24
3594.jpeg,24
3595.jpeg,24
3596.jpeg,24
3597.jpeg,24
3598.jpeg,24
3599.jpeg,24
3600.jpeg,24
3601.jpeg,24
3602.jpeg,24
3603.jpeg,24
3604.jpeg,24
3605.jpeg,24
3606.jpeg,24
3607.jpeg,24
3608.jpeg,24
3609.jpeg,24
3610.jpeg,24
3611.jpeg,24
3612.jpeg,24
3613.jpeg,24
3614.jpeg,24
3615.jpeg,24
3616.jpeg,24
3617.jpeg,24
3618.jpeg,24
3619.jpeg,24
3620.jpeg,24
3621.jpeg,24
3622.jpeg,24
3623.jpeg,24
3624.jpeg,24
3625.jpeg,24
3626.jpeg,24
3627.jpeg,24
3628.jpeg,24
3629.jpeg,24
3630.jpeg,24
3631.jpeg,24
3632.jpeg,24
3633.jpeg,24
3634.jpeg,24
3635.jpeg,24
3636.jpeg,24
3637.jpeg,24
3638.jpeg,24
3639.jpeg,24
3640.jpeg,24
3641.jpeg,24
3642.jpeg,24
3643.jpeg,24
3644.jpeg,24
3645.jpeg,24
3646.jpeg,24
3647.jpeg,24
3648.jpeg,24
3649.jpeg,24
3650.jpeg,24
3651.jpeg,25
3652.jpeg,25
3653.jpeg,25
3654.jpeg,25
3655.jpeg,25
3656.jpeg,25
3657.jpeg,25
3658.jpeg,25
3659.jpeg,25
3660.jpeg,25
3661.jpeg,25
3662.jpeg,25
3663.jpeg,25
3664.jpeg,25
3665.jpeg,25
3666.jpeg,25
3667.jpeg,25
3668.jpeg,25
3669.jpeg,25
3670.jpeg,25
3671.jpeg,25
3672.jpeg,25
3673.jpeg,25
3674.jpeg,25
3675.jpeg,25
3676.jpeg,25
3677.jpeg,25
3678.jpeg,25
3679.jpeg,25
3680.jpeg,25
3681.jpeg,25
3682.jpeg,25
3683.jpeg,25
3684.jpeg,25
3685.jpeg,25
3686.jpeg,25
3687.jpeg,25
3688.jpeg,25
3689.jpeg,25
3690.jpeg,25
3691.jpeg,25
3692.jpeg,25
3693.jpeg,25
3694.jpeg,25
3695.jpeg,25
3696.jpeg,25
3697.jpeg,25
3698.jpeg,25
3699.jpeg,25
3700.jpeg,25
3701.jpeg,25
3702.jpeg,25
3703.jpeg,25
3704.jpeg,25
3705.jpeg,25
3706.jpeg,25
3707.jpeg,25
3708.jpeg,25
3709.jpeg,25
3710.jpeg,25
3711.jpeg,25
3712.jpeg,25
3713.jpeg,25
3714.jpeg,25
3715.jpeg,25
3716.jpeg,25
3717.jpeg,25
3718.jpeg,25
3719.jpeg,25
3720.jpeg,25
3721.jpeg,25
3722.jpeg,25
3723.jpeg,25
3724.jpeg,25
3725.jpeg,25
3726.jpeg,25
3727.jpeg,25
3728.jpeg,25
3729.jpeg,25
3730.jpeg,25
3731.jpeg,25
3732.jpeg,25
3733.jpeg,25
3734.jpeg,25
3735.jpeg,25
3736.jpeg,25
3737.jpeg,25
3738.jpeg,25
3739.jpeg,25
3740.jpeg,25
3741.jpeg,25
3742.jpeg,25
3743.jpeg,25
3744.jpeg,25
3745.jpeg,25
3746.jpeg,25
3747.jpeg,25
3748.jpeg,25
3749.jpeg,25
3750.jpeg,25
3751.jpeg,25
3752.jpeg,25
3753.jpeg,25
3754.jpeg,25
3755.jpeg,25
3756.jpeg,25
3757.jpeg,25
3758.jpeg,25
3759.jpeg,25
3760.jpeg,25
3761.jpeg,25
3762.jpeg,25
3763.jpeg,25
3764.jpeg,25
3765.jpeg,25
3766.jpeg,25
3767.jpeg,25
3768.jpeg,25
3769.jpeg,25
3770.jpeg,25
3771.jpeg,25
3772.jpeg,25
3773.jpeg,25
3774.jpeg,25
3775.jpeg,25
3776.jpeg,25
3777.jpeg,25
3778.jpeg,25
3779.jpeg,25
3780.jpeg,25
3781.jpeg,25
3782.jpeg,25
3783.jpeg,25
3784.jpeg,25
3785.jpeg,25
3786.jpeg,25
3787.jpeg,25
3788.jpeg,25
3789.jpeg,25
3790.jpeg,25
3791.jpeg,25
3792.jpeg,25
3793.jpeg,26
3794.jpeg,26
3795.jpeg,26
3796.jpeg,26
3797.jpeg,26
3798.jpeg,26
3799.jpeg,26
3800.jpeg,26
3801.jpeg,26
3802.jpeg,26
3803.jpeg,26
3804.jpeg,26
3805.jpeg,26
3806.jpeg,26
3807.jpeg,26
3808.jpeg,26
3809.jpeg,26
3810.jpeg,26
3811.jpeg,26
3812.jpeg,26
3813.jpeg,26
3814.jpeg,26
3815.jpeg,26
3816.jpeg,26
3817.jpeg,26
3818.jpeg,26
3819.jpeg,26
3820.jpeg,26
3821.jpeg,26
3822.jpeg,26
3823.jpeg,26
3824.jpeg,26
3825.jpeg,26
3826.jpeg,26
3827.jpeg,26
3828.jpeg,26
3829.jpeg,26
3830.jpeg,26
3831.jpeg,26
3832.jpeg,26
3833.jpeg,26
3834.jpeg,26
3835.jpeg,26
3836.jpeg,26
3837.jpeg,26
3838.jpeg,26
3839.jpeg,26
3840.jpeg,26
3841.jpeg,26
3842.jpeg,26
3843.jpeg,26
3844.jpeg,26
3845.jpeg,26
3846.jpeg,26
3847.jpeg,26
3848.jpeg,26
3849.jpeg,26
3850.jpeg,26
3851.jpeg,26
3852.jpeg,26
3853.jpeg,26
3854.jpeg,26
3855.jpeg,26
3856.jpeg,26
3857.jpeg,26
3858.jpeg,26
3859.jpeg,26
3860.jpeg,26
3861.jpeg,26
3862.jpeg,26
3863.jpeg,26
3864.jpeg,26
3865.jpeg,26
3866.jpeg,26
3867.jpeg,26
3868.jpeg,26
3869.jpeg,26
3870.jpeg,26
3871.jpeg,26
3872.jpeg,26
3873.jpeg,26
3874.jpeg,26
3875.jpeg,26
3876.jpeg,26
3877.jpeg,26
3878.jpeg,26
3879.jpeg,26
3880.jpeg,26
3881.jpeg,26
3882.jpeg,26
3883.jpeg,26
3884.jpeg,26
3885.jpeg,26
3886.jpeg,26
3887.jpeg,26
3888.jpeg,26
3889.jpeg,26
3890.jpeg,26
3891.jpeg,26
3892.jpeg,26
3893.jpeg,26
3894.jpeg,26
3895.jpeg,26
3896.jpeg,26
3897.jpeg,26
3898.jpeg,26
3899.jpeg,26
3900.jpeg,26
3901.jpeg,26
3902.jpeg,26
3903.jpeg,26
3904.jpeg,26
3905.jpeg,26
3906.jpeg,26
3907.jpeg,26
3908.jpeg,26
3909.jpeg,26
3910.jpeg,26
3911.jpeg,26
3912.jpeg,26
3913.jpeg,26
3914.jpeg,26
3915.jpeg,26
3916.jpeg,26
3917.jpeg,26
3918.jpeg,26
3919.jpeg,26
3920.jpeg,26
3921.jpeg,26
3922.jpeg,26
3923.jpeg,26
3924.jpeg,26
3925.jpeg,26
3926.jpeg,26
3927.jpeg,26
3928.jpeg,26
3929.jpeg,26
3930.jpeg,26
3931.jpeg,26
3932.jpeg,26
3933.jpeg,27
3934.jpeg,27
3935.jpeg,27
3936.jpeg,27
3937.jpeg,27
3938.jpeg,27
3939.jpeg,27
3940.jpeg,27
3941.jpeg,27
3942.jpeg,27
3943.jpeg,27
3944.jpeg,27
3945.jpeg,27
3946.jpeg,27
3947.jpeg,27
3948.jpeg,27
3949.jpeg,27
3950.jpeg,27
3951.jpeg,27
3952.jpeg,27
3953.jpeg,27
3954.jpeg,27
3955.jpeg,27
3956.jpeg,27
3957.jpeg,27
3958.jpeg,27
3959.jpeg,27
3960.jpeg,27
3961.jpeg,27
3962.jpeg,27
3963.jpeg,27
3964.jpeg,27
3965.jpeg,27
3966.jpeg,27
3967.jpeg,27
3968.jpeg,27
3969.jpeg,27
3970.jpeg,27
3971.jpeg,27
3972.jpeg,27
3973.jpeg,27
3974.jpeg,27
3975.jpeg,27
3976.jpeg,27
3977.jpeg,27
3978.jpeg,27
3979.jpeg,27
3980.jpeg,27
3981.jpeg,27
3982.jpeg,27
3983.jpeg,27
3984.jpeg,27
3985.jpeg,27
3986.jpeg,27
3987.jpeg,27
3988.jpeg,27
3989.jpeg,27
3990.jpeg,27
3991.jpeg,27
3992.jpeg,27
3993.jpeg,27
3994.jpeg,27
3995.jpeg,27
3996.jpeg,27
3997.jpeg,27
3998.jpeg,27
3999.jpeg,27
4000.jpeg,27
4001.jpeg,27
4002.jpeg,27
4003.jpeg,27
4004.jpeg,27
4005.jpeg,27
4006.jpeg,27
4007.jpeg,27
4008.jpeg,27
4009.jpeg,27
4010.jpeg,27
4011.jpeg,27
4012.jpeg,27
4013.jpeg,27
4014.jpeg,27
4015.jpeg,27
4016.jpeg,27
4017.jpeg,27
4018.jpeg,27
4019.jpeg,27
4020.jpeg,27
4021.jpeg,27
4022.jpeg,27
4023.jpeg,27
4024.jpeg,27
4025.jpeg,27
4026.jpeg,27
4027.jpeg,27
4028.jpeg,27
4029.jpeg,27
4030.jpeg,27
4031.jpeg,27
4032.jpeg,27
4033.jpeg,27
4034.jpeg,27
4035.jpeg,27
4036.jpeg,27
4037.jpeg,27
4038.jpeg,27
4039.jpeg,27
4040.jpeg,27
4041.jpeg,27
4042.jpeg,27
4043.jpeg,27
4044.jpeg,27
4045.jpeg,27
4046.jpeg,27
4047.jpeg,27
4048.jpeg,27
4049.jpeg,27
4050.jpeg,27
4051.jpeg,27
4052.jpeg,27
4053.jpeg,27
4054.jpeg,27
4055.jpeg,27
4056.jpeg,27
4057.jpeg,27
4058.jpeg,27
4059.jpeg,27
4060.jpeg,27
4061.jpeg,27
4062.jpeg,27
4063.jpeg,27
4064.jpeg,27
4065.jpeg,27
4066.jpeg,27
4067.jpeg,27
4068.jpeg,27
4069.jpeg,27
4070.jpeg,27
4071.jpeg,27
4072.jpeg,27
4073.jpeg,27
4074.jpeg,27
4075.jpeg,27
4076.jpeg,27
4077.jpeg,27
4078.jpeg,27
4079.jpeg,27
4080.jpeg,27
4081.jpeg,28
4082.jpeg,28
4083.jpeg,28
4084.jpeg,28
4085.jpeg,28
4086.jpeg,28
4087.jpeg,28
4088.jpeg,28
4089.jpeg,28
4090.jpeg,28
4091.jpeg,28
4092.jpeg,28
4093.jpeg,28
4094.jpeg,28
4095.jpeg,28
4096.jpeg,28
4097.jpeg,28
4098.jpeg,28
4099.jpeg,28
4100.jpeg,28
4101.jpeg,28
4102.jpeg,28
4103.jpeg,28
4104.jpeg,28
4105.jpeg,28
4106.jpeg,28
4107.jpeg,28
4108.jpeg,28
4109.jpeg,28
4110.jpeg,28
4111.jpeg,28
4112.jpeg,28
4113.jpeg,28
4114.jpeg,28
4115.jpeg,28
4116.jpeg,28
4117.jpeg,28
4118.jpeg,28
4119.jpeg,28
4120.jpeg,28
4121.jpeg,28
4122.jpeg,28
4123.jpeg,28
4124.jpeg,28
4125.jpeg,28
4126.jpeg,28
4127.jpeg,28
4128.jpeg,28
4129.jpeg,28
4130.jpeg,28
4131.jpeg,28
4132.jpeg,28
4133.jpeg,28
4134.jpeg,28
4135.jpeg,28
4136.jpeg,28
4137.jpeg,28
4138.jpeg,28
4139.jpeg,28
4140.jpeg,28
4141.jpeg,28
4142.jpeg,28
4143.jpeg,28
4144.jpeg,28
4145.jpeg,28
4146.jpeg,28
4147.jpeg,28
4148.jpeg,28
4149.jpeg,28
4150.jpeg,28
4151.jpeg,28
4152.jpeg,28
4153.jpeg,28
4154.jpeg,28
4155.jpeg,28
4156.jpeg,28
4157.jpeg,28
4158.jpeg,28
4159.jpeg,28
4160.jpeg,28
4161.jpeg,28
4162.jpeg,28
4163.jpeg,28
4164.jpeg,28
4165.jpeg,28
4166.jpeg,28
4167.jpeg,28
4168.jpeg,28
4169.jpeg,28
4170.jpeg,28
4171.jpeg,28
4172.jpeg,28
4173.jpeg,28
4174.jpeg,28
4175.jpeg,28
4176.jpeg,28
4177.jpeg,28
4178.jpeg,28
4179.jpeg,28
4180.jpeg,28
4181.jpeg,28
4182.jpeg,28
4183.jpeg,28
4184.jpeg,28
4185.jpeg,28
4186.jpeg,28
4187.jpeg,28
4188.jpeg,28
4189.jpeg,28
4190.jpeg,28
4191.jpeg,28
4192.jpeg,28
4193.jpeg,28
4194.jpeg,28
4195.jpeg,28
4196.jpeg,28
4197.jpeg,28
4198.jpeg,28
4199.jpeg,28
4200.jpeg,28
4201.jpeg,28
4202.jpeg,28
4203.jpeg,28
4204.jpeg,28
4205.jpeg,28
4206.jpeg,28
4207.jpeg,28
4208.jpeg,28
4209.jpeg,28
4210.jpeg,28
4211.jpeg,28
4212.jpeg,28
4213.jpeg,28
4214.jpeg,28
4215.jpeg,28
4216.jpeg,28
4217.jpeg,28
4218.jpeg,28
4219.jpeg,28
4220.jpeg,28
4221.jpeg,28
4222.jpeg,28
4223.jpeg,28
4224.jpeg,28
4225.jpeg,28
4226.jpeg,28
4227.jpeg,28
4228.jpeg,28
4229.jpeg,29
4230.jpeg,29
4231.jpeg,29
4232.jpeg,29
4233.jpeg,29
4234.jpeg,29
4235.jpeg,29
4236.jpeg,29
4237.jpeg,29
4238.jpeg,29
4239.jpeg,29
4240.jpeg,29
4241.jpeg,29
4242.jpeg,29
4243.jpeg,29
4244.jpeg,29
4245.jpeg,29
4246.jpeg,29
4247.jpeg,29
4248.jpeg,29
4249.jpeg,29
4250.jpeg,29
4251.jpeg,29
4252.jpeg,29
4253.jpeg,29
4254.jpeg,29
4255.jpeg,29
4256.jpeg,29
4257.jpeg,29
4258.jpeg,29
4259.jpeg,29
4260.jpeg,29
4261.jpeg,29
4262.jpeg,29
4263.jpeg,29
4264.jpeg,29
4265.jpeg,29
4266.jpeg,29
4267.jpeg,29
4268.jpeg,29
4269.jpeg,29
4270.jpeg,29
4271.jpeg,29
4272.jpeg,29
4273.jpeg,29
4274.jpeg,29
4275.jpeg,29
4276.jpeg,29
4277.jpeg,29
4278.jpeg,29
4279.jpeg,29
4280.jpeg,29
4281.jpeg,29
4282.jpeg,29
4283.jpeg,29
4284.jpeg,29
4285.jpeg,29
4286.jpeg,29
4287.jpeg,29
4288.jpeg,29
4289.jpeg,29
4290.jpeg,29
4291.jpeg,29
4292.jpeg,29
4293.jpeg,29
4294.jpeg,29
4295.jpeg,29
4296.jpeg,29
4297.jpeg,29
4298.jpeg,29
4299.jpeg,29
4300.jpeg,29
4301.jpeg,29
4302.jpeg,29
4303.jpeg,29
4304.jpeg,29
4305.jpeg,29
4306.jpeg,29
4307.jpeg,29
4308.jpeg,29
4309.jpeg,29
4310.jpeg,29
4311.jpeg,29
4312.jpeg,29
4313.jpeg,29
4314.jpeg,29
4315.jpeg,29
4316.jpeg,29
4317.jpeg,29
4318.jpeg,29
4319.jpeg,29
4320.jpeg,29
4321.jpeg,29
4322.jpeg,29
4323.jpeg,29
4324.jpeg,29
4325.jpeg,29
4326.jpeg,29
4327.jpeg,29
4328.jpeg,29
4329.jpeg,29
4330.jpeg,29
4331.jpeg,29
4332.jpeg,29
4333.jpeg,29
4334.jpeg,29
4335.jpeg,29
4336.jpeg,29
4337.jpeg,29
4338.jpeg,29
4339.jpeg,29
4340.jpeg,29
4341.jpeg,29
4342.jpeg,29
4343.jpeg,29
4344.jpeg,29
4345.jpeg,29
4346.jpeg,29
4347.jpeg,29
4348.jpeg,29
4349.jpeg,29
4350.jpeg,29
4351.jpeg,29
4352.jpeg,29
4353.jpeg,29
4354.jpeg,29
4355.jpeg,29
4356.jpeg,29
4357.jpeg,29
4358.jpeg,29
4359.jpeg,29
4360.jpeg,29
4361.jpeg,29
4362.jpeg,29
4363.jpeg,29
4364.jpeg,29
4365.jpeg,29
4366.jpeg,29
4367.jpeg,29
4368.jpeg,29
4369.jpeg,29
4370.jpeg,29
4371.jpeg,29
4372.jpeg,29
4373.jpeg,29
4374.jpeg,29
