1710.jpeg,11
1851.jpeg,12
1279.jpeg,8
820.jpeg,5
1319.jpeg,9
829.jpeg,5
701.jpeg,4
2890.jpeg,19
3910.jpeg,26
2648.jpeg,17
111.jpeg,0
2633.jpeg,17
1189.jpeg,8
3902.jpeg,26
921.jpeg,6
3512.jpeg,23
2720.jpeg,18
1105.jpeg,7
2750.jpeg,18
476.jpeg,3
4319.jpeg,29
1519.jpeg,10
2692.jpeg,18
2796.jpeg,18
3374.jpeg,22
4029.jpeg,27
1024.jpeg,7
2673.jpeg,18
2941.jpeg,19
2844.jpeg,19
964.jpeg,6
1747.jpeg,12
189.jpeg,1
2248.jpeg,15
991.jpeg,6
2376.jpeg,16
908.jpeg,6
3081.jpeg,20
1658.jpeg,11
1952.jpeg,13
2806.jpeg,18
4256.jpeg,29
1568.jpeg,10
843.jpeg,5
404.jpeg,2
3805.jpeg,26
128.jpeg,0
909.jpeg,6
2191.jpeg,14
520.jpeg,3
242.jpeg,1
3210.jpeg,21
67.jpeg,0
56.jpeg,0
763.jpeg,5
3488.jpeg,23
523.jpeg,3
1269.jpeg,8
789.jpeg,5
2883.jpeg,19
2224.jpeg,15
3956.jpeg,27
2444.jpeg,16
2178.jpeg,14
4286.jpeg,29
760.jpeg,5
1615.jpeg,10
192.jpeg,1
241.jpeg,1
960.jpeg,6
2659.jpeg,18
2848.jpeg,19
1035.jpeg,7
428.jpeg,2
2026.jpeg,13
2182.jpeg,14
3463.jpeg,23
262.jpeg,1
3745.jpeg,25
1152.jpeg,7
2658.jpeg,17
1462.jpeg,9
2320.jpeg,15
3699.jpeg,25
249.jpeg,1
2710.jpeg,18
420.jpeg,2
2107.jpeg,14
2558.jpeg,17
2151.jpeg,14
2616.jpeg,17
431.jpeg,3
1778.jpeg,12
4290.jpeg,29
885.jpeg,6
677.jpeg,4
322.jpeg,2
372.jpeg,2
599.jpeg,4
3196.jpeg,21
254.jpeg,1
890.jpeg,6
3364.jpeg,22
1303.jpeg,8
4048.jpeg,27
513.jpeg,3
1436.jpeg,9
2697.jpeg,18
2061.jpeg,14
3736.jpeg,25
1096.jpeg,7
4065.jpeg,27
3818.jpeg,26
2349.jpeg,15
3907.jpeg,26
3870.jpeg,26
1777.jpeg,12
4008.jpeg,27
320.jpeg,2
3741.jpeg,25
3258.jpeg,22
4040.jpeg,27
2683.jpeg,18
187.jpeg,1
3521.jpeg,23
1300.jpeg,8
1657.jpeg,11
1850.jpeg,12
1963.jpeg,13
2944.jpeg,19
1391.jpeg,9
3212.jpeg,21
2621.jpeg,17
2447.jpeg,16
557.jpeg,3
1195.jpeg,8
3544.jpeg,24
3005.jpeg,20
3527.jpeg,24
1042.jpeg,7
780.jpeg,5
2258.jpeg,15
4275.jpeg,29
1565.jpeg,10
1557.jpeg,10
1551.jpeg,10
3157.jpeg,21
2909.jpeg,19
3884.jpeg,26
3131.jpeg,21
4216.jpeg,28
2342.jpeg,15
2761.jpeg,18
435.jpeg,3
2717.jpeg,18
3192.jpeg,21
823.jpeg,5
2433.jpeg,16
1102.jpeg,7
2960.jpeg,19
2321.jpeg,15
3611.jpeg,24
3167.jpeg,21
1844.jpeg,12
4154.jpeg,28
2385.jpeg,16
3102.jpeg,20
3101.jpeg,20
3444.jpeg,23
2901.jpeg,19
1127.jpeg,7
3863.jpeg,26
3291.jpeg,22
547.jpeg,3
605.jpeg,4
3931.jpeg,26
1550.jpeg,10
919.jpeg,6
555.jpeg,3
3133.jpeg,21
409.jpeg,2
2100.jpeg,14
4020.jpeg,27
1097.jpeg,7
65.jpeg,0
2495.jpeg,16
2465.jpeg,16
120.jpeg,0
949.jpeg,6
3684.jpeg,25
3222.jpeg,21
4014.jpeg,27
2290.jpeg,15
2501.jpeg,16
3960.jpeg,27
1421.jpeg,9
3151.jpeg,21
1155.jpeg,7
1119.jpeg,7
2005.jpeg,13
3613.jpeg,24
1380.jpeg,9
3534.jpeg,24
521.jpeg,3
1678.jpeg,11
2900.jpeg,19
875.jpeg,6
4142.jpeg,28
1637.jpeg,11
894.jpeg,6
4155.jpeg,28
1916.jpeg,13
3466.jpeg,23
393.jpeg,2
1069.jpeg,7
742.jpeg,5
693.jpeg,4
2292.jpeg,15
839.jpeg,5
1393.jpeg,9
2872.jpeg,19
2345.jpeg,15
1896.jpeg,13
3735.jpeg,25
2291.jpeg,15
1492.jpeg,10
1170.jpeg,8
3267.jpeg,22
1446.jpeg,9
423.jpeg,2
2679.jpeg,18
971.jpeg,6
3651.jpeg,25
3171.jpeg,21
89.jpeg,0
2356.jpeg,16
1628.jpeg,11
1031.jpeg,7
3000.jpeg,20
2056.jpeg,14
629.jpeg,4
2141.jpeg,14
1703.jpeg,11
1041.jpeg,7
3278.jpeg,22
3644.jpeg,24
2533.jpeg,17
1718.jpeg,11
1720.jpeg,11
790.jpeg,5
867.jpeg,5
3462.jpeg,23
1440.jpeg,9
2062.jpeg,14
817.jpeg,5
1475.jpeg,10
180.jpeg,1
2534.jpeg,17
3905.jpeg,26
825.jpeg,5
3112.jpeg,21
4338.jpeg,29
3968.jpeg,27
1639.jpeg,11
1433.jpeg,9
2271.jpeg,15
762.jpeg,5
118.jpeg,0
2309.jpeg,15
2294.jpeg,15
3265.jpeg,22
3465.jpeg,23
4349.jpeg,29
367.jpeg,2
3442.jpeg,23
250.jpeg,1
1427.jpeg,9
832.jpeg,5
326.jpeg,2
846.jpeg,5
3321.jpeg,22
146.jpeg,1
1925.jpeg,13
3783.jpeg,25
483.jpeg,3
4137.jpeg,28
4102.jpeg,28
4077.jpeg,27
1717.jpeg,11
4321.jpeg,29
1021.jpeg,7
1941.jpeg,13
3638.jpeg,24
2455.jpeg,16
1644.jpeg,11
4047.jpeg,27
4190.jpeg,28
2123.jpeg,14
849.jpeg,5
783.jpeg,5
1247.jpeg,8
2336.jpeg,15
4243.jpeg,29
183.jpeg,1
2677.jpeg,18
3586.jpeg,24
2430.jpeg,16
3206.jpeg,21
3913.jpeg,26
1154.jpeg,7
3958.jpeg,27
155.jpeg,1
3182.jpeg,21
133.jpeg,0
1187.jpeg,8
2653.jpeg,17
2559.jpeg,17
702.jpeg,4
1554.jpeg,10
2308.jpeg,15
1486.jpeg,10
2474.jpeg,16
2213.jpeg,15
2701.jpeg,18
2234.jpeg,15
1698.jpeg,11
1583.jpeg,10
1586.jpeg,10
3162.jpeg,21
2604.jpeg,17
2598.jpeg,17
302.jpeg,2
1173.jpeg,8
1047.jpeg,7
1387.jpeg,9
806.jpeg,5
1432.jpeg,9
220.jpeg,1
371.jpeg,2
3628.jpeg,24
2875.jpeg,19
3893.jpeg,26
16.jpeg,0
2067.jpeg,14
3147.jpeg,21
2625.jpeg,17
4075.jpeg,27
2545.jpeg,17
4276.jpeg,29
3609.jpeg,24
3642.jpeg,24
2047.jpeg,14
1890.jpeg,12
2756.jpeg,18
2715.jpeg,18
1532.jpeg,10
95.jpeg,0
3970.jpeg,27
3051.jpeg,20
36.jpeg,0
3982.jpeg,27
2187.jpeg,14
631.jpeg,4
3447.jpeg,23
3296.jpeg,22
2672.jpeg,18
2865.jpeg,19
3710.jpeg,25
3277.jpeg,22
752.jpeg,5
989.jpeg,6
3246.jpeg,22
1989.jpeg,13
636.jpeg,4
3648.jpeg,24
1883.jpeg,12
29.jpeg,0
1602.jpeg,10
1193.jpeg,8
4121.jpeg,28
1302.jpeg,8
2772.jpeg,18
4373.jpeg,29
2118.jpeg,14
72.jpeg,0
415.jpeg,2
2964.jpeg,19
1384.jpeg,9
3858.jpeg,26
620.jpeg,4
4151.jpeg,28
1984.jpeg,13
1608.jpeg,10
2879.jpeg,19
778.jpeg,5
1361.jpeg,9
2497.jpeg,16
3650.jpeg,24
1507.jpeg,10
3141.jpeg,21
418.jpeg,2
543.jpeg,3
4316.jpeg,29
3029.jpeg,20
1136.jpeg,7
227.jpeg,1
4181.jpeg,28
1061.jpeg,7
3918.jpeg,26
1478.jpeg,10
2347.jpeg,15
1797.jpeg,12
2845.jpeg,19
1242.jpeg,8
1089.jpeg,7
689.jpeg,4
1791.jpeg,12
2300.jpeg,15
1618.jpeg,11
882.jpeg,6
842.jpeg,5
904.jpeg,6
3404.jpeg,23
990.jpeg,6
4236.jpeg,29
2905.jpeg,19
746.jpeg,5
2517.jpeg,17
3528.jpeg,24
515.jpeg,3
1453.jpeg,9
2421.jpeg,16
3656.jpeg,25
678.jpeg,4
892.jpeg,6
3334.jpeg,22
562.jpeg,3
316.jpeg,2
1238.jpeg,8
1735.jpeg,11
297.jpeg,2
2145.jpeg,14
1320.jpeg,9
4051.jpeg,27
2861.jpeg,19
504.jpeg,3
4337.jpeg,29
2705.jpeg,18
2529.jpeg,17
3687.jpeg,25
3823.jpeg,26
3394.jpeg,23
2391.jpeg,16
3080.jpeg,20
2129.jpeg,14
3361.jpeg,22
3496.jpeg,23
1612.jpeg,10
2435.jpeg,16
1510.jpeg,10
3353.jpeg,22
2553.jpeg,17
1498.jpeg,10
4043.jpeg,27
1799.jpeg,12
796.jpeg,5
157.jpeg,1
3857.jpeg,26
3959.jpeg,27
2446.jpeg,16
2229.jpeg,15
4144.jpeg,28
3935.jpeg,27
3903.jpeg,26
757.jpeg,5
2459.jpeg,16
3619.jpeg,24
896.jpeg,6
3044.jpeg,20
4361.jpeg,29
1537.jpeg,10
1999.jpeg,13
3482.jpeg,23
3969.jpeg,27
3588.jpeg,24
1651.jpeg,11
3326.jpeg,22
44.jpeg,0
3002.jpeg,20
1016.jpeg,7
307.jpeg,2
3616.jpeg,24
4130.jpeg,28
1214.jpeg,8
2884.jpeg,19
723.jpeg,4
3889.jpeg,26
3425.jpeg,23
2968.jpeg,20
2512.jpeg,17
3158.jpeg,21
3431.jpeg,23
3055.jpeg,20
3921.jpeg,26
2004.jpeg,13
2432.jpeg,16
3824.jpeg,26
1483.jpeg,10
3739.jpeg,25
138.jpeg,0
1229.jpeg,8
672.jpeg,4
314.jpeg,2
3416.jpeg,23
1775.jpeg,12
401.jpeg,2
3508.jpeg,23
1646.jpeg,11
3058.jpeg,20
531.jpeg,3
1923.jpeg,13
2363.jpeg,16
4170.jpeg,28
768.jpeg,5
391.jpeg,2
944.jpeg,6
900.jpeg,6
3777.jpeg,25
3417.jpeg,23
3315.jpeg,22
4140.jpeg,28
2013.jpeg,13
749.jpeg,5
293.jpeg,1
4299.jpeg,29
1733.jpeg,11
1298.jpeg,8
1820.jpeg,12
2776.jpeg,18
41.jpeg,0
3006.jpeg,20
300.jpeg,2
3485.jpeg,23
1707.jpeg,11
622.jpeg,4
2747.jpeg,18
665.jpeg,4
3542.jpeg,24
2460.jpeg,16
2243.jpeg,15
947.jpeg,6
1722.jpeg,11
2126.jpeg,14
2173.jpeg,14
3129.jpeg,21
2285.jpeg,15
2665.jpeg,18
2584.jpeg,17
3020.jpeg,20
4001.jpeg,27
2711.jpeg,18
2198.jpeg,14
1864.jpeg,12
2350.jpeg,16
898.jpeg,6
1159.jpeg,7
2069.jpeg,14
1806.jpeg,12
495.jpeg,3
2986.jpeg,20
1664.jpeg,11
3219.jpeg,21
2823.jpeg,19
2374.jpeg,16
1805.jpeg,12
4172.jpeg,28
1667.jpeg,11
4301.jpeg,29
580.jpeg,3
2643.jpeg,17
3200.jpeg,21
1548.jpeg,10
2562.jpeg,17
1866.jpeg,12
1552.jpeg,10
2401.jpeg,16
124.jpeg,0
4098.jpeg,28
2537.jpeg,17
4346.jpeg,29
3299.jpeg,22
181.jpeg,1
3558.jpeg,24
1162.jpeg,7
2091.jpeg,14
2645.jpeg,17
2739.jpeg,18
1356.jpeg,9
2235.jpeg,15
625.jpeg,4
3547.jpeg,24
3762.jpeg,25
3223.jpeg,21
2978.jpeg,20
3585.jpeg,24
1622.jpeg,11
2007.jpeg,13
79.jpeg,0
1221.jpeg,8
54.jpeg,0
2488.jpeg,16
1014.jpeg,6
2310.jpeg,15
2098.jpeg,14
3350.jpeg,22
2639.jpeg,17
2078.jpeg,14
4370.jpeg,29
2989.jpeg,20
1088.jpeg,7
1858.jpeg,12
1973.jpeg,13
3678.jpeg,25
1616.jpeg,11
1028.jpeg,7
3543.jpeg,24
769.jpeg,5
1802.jpeg,12
4016.jpeg,27
1828.jpeg,12
637.jpeg,4
3615.jpeg,24
2051.jpeg,14
2684.jpeg,18
2970.jpeg,20
1390.jpeg,9
3535.jpeg,24
2915.jpeg,19
1878.jpeg,12
2935.jpeg,19
928.jpeg,6
3094.jpeg,20
4372.jpeg,29
3231.jpeg,22
2785.jpeg,18
475.jpeg,3
1471.jpeg,10
3195.jpeg,21
279.jpeg,1
470.jpeg,3
411.jpeg,2
2289.jpeg,15
1841.jpeg,12
3605.jpeg,24
698.jpeg,4
1978.jpeg,13
595.jpeg,4
619.jpeg,4
2596.jpeg,17
219.jpeg,1
2494.jpeg,16
3639.jpeg,24
2115.jpeg,14
2319.jpeg,15
3669.jpeg,25
3018.jpeg,20
3505.jpeg,23
2024.jpeg,13
4279.jpeg,29
978.jpeg,6
2032.jpeg,13
519.jpeg,3
4262.jpeg,29
1740.jpeg,11
2881.jpeg,19
938.jpeg,6
3308.jpeg,22
487.jpeg,3
4024.jpeg,27
4260.jpeg,29
460.jpeg,3
1231.jpeg,8
4311.jpeg,29
1949.jpeg,13
1904.jpeg,13
3811.jpeg,26
3103.jpeg,20
334.jpeg,2
2183.jpeg,14
1530.jpeg,10
1763.jpeg,12
3698.jpeg,25
540.jpeg,3
2833.jpeg,19
3076.jpeg,20
2174.jpeg,14
4073.jpeg,27
2505.jpeg,17
3885.jpeg,26
4079.jpeg,27
2570.jpeg,17
251.jpeg,1
1848.jpeg,12
2763.jpeg,18
3718.jpeg,25
4076.jpeg,27
1960.jpeg,13
3810.jpeg,26
3218.jpeg,21
1754.jpeg,12
2652.jpeg,17
4046.jpeg,27
1204.jpeg,8
2431.jpeg,16
370.jpeg,2
897.jpeg,6
4214.jpeg,28
144.jpeg,1
1.jpeg,0
4053.jpeg,27
2371.jpeg,16
1594.jpeg,10
3423.jpeg,23
929.jpeg,6
315.jpeg,2
3138.jpeg,21
4324.jpeg,29
1218.jpeg,8
728.jpeg,4
2583.jpeg,17
3249.jpeg,22
2318.jpeg,15
4323.jpeg,29
1642.jpeg,11
2189.jpeg,14
3973.jpeg,27
4161.jpeg,28
491.jpeg,3
2749.jpeg,18
2128.jpeg,14
2278.jpeg,15
3879.jpeg,26
1541.jpeg,10
2185.jpeg,14
3443.jpeg,23
3765.jpeg,25
3011.jpeg,20
3706.jpeg,25
2514.jpeg,17
2582.jpeg,17
2485.jpeg,16
621.jpeg,4
4109.jpeg,28
439.jpeg,3
3607.jpeg,24
1085.jpeg,7
185.jpeg,1
1419.jpeg,9
2546.jpeg,17
417.jpeg,2
1714.jpeg,11
2214.jpeg,15
1903.jpeg,13
1285.jpeg,8
2268.jpeg,15
3273.jpeg,22
2585.jpeg,17
1207.jpeg,8
2955.jpeg,19
445.jpeg,3
687.jpeg,4
674.jpeg,4
1239.jpeg,8
3979.jpeg,27
617.jpeg,4
4054.jpeg,27
1863.jpeg,12
3876.jpeg,26
3646.jpeg,24
1113.jpeg,7
3183.jpeg,21
2846.jpeg,19
2049.jpeg,14
3498.jpeg,23
788.jpeg,5
2899.jpeg,19
3601.jpeg,24
3492.jpeg,23
3526.jpeg,23
4277.jpeg,29
4168.jpeg,28
1370.jpeg,9
139.jpeg,0
2821.jpeg,19
3847.jpeg,26
3861.jpeg,26
4336.jpeg,29
2969.jpeg,20
11.jpeg,0
1935.jpeg,13
905.jpeg,6
1648.jpeg,11
923.jpeg,6
3347.jpeg,22
3176.jpeg,21
743.jpeg,5
1862.jpeg,12
429.jpeg,3
1656.jpeg,11
4267.jpeg,29
1758.jpeg,12
3506.jpeg,23
981.jpeg,6
2196.jpeg,14
1206.jpeg,8
2218.jpeg,15
99.jpeg,0
797.jpeg,5
2259.jpeg,15
267.jpeg,1
1040.jpeg,7
3895.jpeg,26
730.jpeg,4
534.jpeg,3
270.jpeg,1
4239.jpeg,29
1982.jpeg,13
683.jpeg,4
611.jpeg,4
311.jpeg,2
1505.jpeg,10
166.jpeg,1
1950.jpeg,13
3692.jpeg,25
3964.jpeg,27
134.jpeg,0
582.jpeg,4
1383.jpeg,9
2831.jpeg,19
1542.jpeg,10
3854.jpeg,26
3033.jpeg,20
831.jpeg,5
4113.jpeg,28
1986.jpeg,13
556.jpeg,3
2595.jpeg,17
2927.jpeg,19
943.jpeg,6
670.jpeg,4
3944.jpeg,27
4359.jpeg,29
3756.jpeg,25
874.jpeg,6
2674.jpeg,18
2038.jpeg,13
490.jpeg,3
353.jpeg,2
2908.jpeg,19
1699.jpeg,11
3507.jpeg,23
3419.jpeg,23
1315.jpeg,8
261.jpeg,1
2694.jpeg,18
4180.jpeg,28
3700.jpeg,25
726.jpeg,4
1649.jpeg,11
1422.jpeg,9
2854.jpeg,19
2777.jpeg,18
2693.jpeg,18
42.jpeg,0
779.jpeg,5
1814.jpeg,12
4197.jpeg,28
1060.jpeg,7
2587.jpeg,17
3234.jpeg,22
2429.jpeg,16
3632.jpeg,24
25.jpeg,0
710.jpeg,4
3825.jpeg,26
1451.jpeg,9
2245.jpeg,15
2502.jpeg,16
2977.jpeg,20
3021.jpeg,20
2029.jpeg,13
750.jpeg,5
3839.jpeg,26
1308.jpeg,8
3111.jpeg,21
1798.jpeg,12
1234.jpeg,8
3500.jpeg,23
2045.jpeg,13
2995.jpeg,20
160.jpeg,1
1765.jpeg,12
145.jpeg,1
2194.jpeg,14
3832.jpeg,26
209.jpeg,1
1018.jpeg,7
4105.jpeg,28
3261.jpeg,22
2137.jpeg,14
4208.jpeg,28
2799.jpeg,18
2521.jpeg,17
3409.jpeg,23
1528.jpeg,10
1409.jpeg,9
3798.jpeg,26
1549.jpeg,10
221.jpeg,1
2152.jpeg,14
4110.jpeg,28
4000.jpeg,27
4148.jpeg,28
412.jpeg,2
147.jpeg,1
4104.jpeg,28
4215.jpeg,28
1793.jpeg,12
3054.jpeg,20
2857.jpeg,19
1490.jpeg,10
2451.jpeg,16
1469.jpeg,10
2631.jpeg,17
3393.jpeg,23
3572.jpeg,24
3139.jpeg,21
2803.jpeg,18
3432.jpeg,23
1576.jpeg,10
2463.jpeg,16
3301.jpeg,22
551.jpeg,3
2779.jpeg,18
3365.jpeg,22
1225.jpeg,8
3209.jpeg,21
1715.jpeg,11
2050.jpeg,14
2180.jpeg,14
3036.jpeg,20
2381.jpeg,16
3137.jpeg,21
3412.jpeg,23
4178.jpeg,28
1271.jpeg,8
1141.jpeg,7
4022.jpeg,27
737.jpeg,5
438.jpeg,3
4246.jpeg,29
402.jpeg,2
3117.jpeg,21
2600.jpeg,17
2343.jpeg,15
2302.jpeg,15
851.jpeg,5
3683.jpeg,25
3941.jpeg,27
4096.jpeg,28
3363.jpeg,22
1070.jpeg,7
186.jpeg,1
1558.jpeg,10
1655.jpeg,11
544.jpeg,3
3346.jpeg,22
4171.jpeg,28
288.jpeg,1
3654.jpeg,25
2706.jpeg,18
4069.jpeg,27
3559.jpeg,24
4326.jpeg,29
427.jpeg,2
2610.jpeg,17
1376.jpeg,9
1679.jpeg,11
3602.jpeg,24
1482.jpeg,10
2575.jpeg,17
1227.jpeg,8
4189.jpeg,28
2746.jpeg,18
3729.jpeg,25
1688.jpeg,11
2554.jpeg,17
3470.jpeg,23
2586.jpeg,17
3557.jpeg,24
352.jpeg,2
3549.jpeg,24
1357.jpeg,9
1621.jpeg,11
2065.jpeg,14
4173.jpeg,28
2081.jpeg,14
4249.jpeg,29
1255.jpeg,8
3237.jpeg,22
2057.jpeg,14
4200.jpeg,28
3280.jpeg,22
389.jpeg,2
1734.jpeg,11
3799.jpeg,26
4313.jpeg,29
1324.jpeg,9
3555.jpeg,24
588.jpeg,4
4206.jpeg,28
3952.jpeg,27
1131.jpeg,7
3945.jpeg,27
2253.jpeg,15
4129.jpeg,28
1741.jpeg,11
998.jpeg,6
3689.jpeg,25
3599.jpeg,24
2055.jpeg,14
969.jpeg,6
3092.jpeg,20
3868.jpeg,26
645.jpeg,4
1121.jpeg,7
1782.jpeg,12
1520.jpeg,10
633.jpeg,4
982.jpeg,6
2825.jpeg,19
1620.jpeg,11
3965.jpeg,27
2957.jpeg,19
986.jpeg,6
3303.jpeg,22
3276.jpeg,22
3391.jpeg,23
2522.jpeg,17
4177.jpeg,28
1032.jpeg,7
1632.jpeg,11
1454.jpeg,9
883.jpeg,6
459.jpeg,3
3946.jpeg,27
121.jpeg,0
3880.jpeg,26
1795.jpeg,12
3062.jpeg,20
2334.jpeg,15
31.jpeg,0
4360.jpeg,29
1972.jpeg,13
1556.jpeg,10
3950.jpeg,27
3079.jpeg,20
3024.jpeg,20
3732.jpeg,25
2006.jpeg,13
4350.jpeg,29
3660.jpeg,25
653.jpeg,4
911.jpeg,6
5.jpeg,0
4287.jpeg,29
2104.jpeg,14
2572.jpeg,17
4307.jpeg,29
361.jpeg,2
2791.jpeg,18
1500.jpeg,10
2134.jpeg,14
4034.jpeg,27
2828.jpeg,19
1273.jpeg,8
4333.jpeg,29
1408.jpeg,9
2.jpeg,0
2046.jpeg,13
1635.jpeg,11
3520.jpeg,23
2241.jpeg,15
2307.jpeg,15
2066.jpeg,14
1450.jpeg,9
1997.jpeg,13
306.jpeg,2
659.jpeg,4
2506.jpeg,17
1572.jpeg,10
260.jpeg,1
3227.jpeg,21
1867.jpeg,12
1334.jpeg,9
976.jpeg,6
1579.jpeg,10
4317.jpeg,29
1182.jpeg,8
3813.jpeg,26
3012.jpeg,20
3659.jpeg,25
3322.jpeg,22
184.jpeg,1
3746.jpeg,25
2858.jpeg,19
1887.jpeg,12
1652.jpeg,11
3115.jpeg,21
2628.jpeg,17
3486.jpeg,23
271.jpeg,1
3888.jpeg,26
3949.jpeg,27
2842.jpeg,19
292.jpeg,1
1020.jpeg,7
3883.jpeg,26
1199.jpeg,8
2813.jpeg,19
3737.jpeg,25
2402.jpeg,16
3620.jpeg,24
1435.jpeg,9
1860.jpeg,12
3761.jpeg,25
1751.jpeg,12
1696.jpeg,11
1830.jpeg,12
2936.jpeg,19
4057.jpeg,27
4284.jpeg,29
282.jpeg,1
2225.jpeg,15
2874.jpeg,19
1496.jpeg,10
1712.jpeg,11
1779.jpeg,12
2404.jpeg,16
2712.jpeg,18
3327.jpeg,22
2921.jpeg,19
2039.jpeg,13
3165.jpeg,21
2149.jpeg,14
1764.jpeg,12
3052.jpeg,20
278.jpeg,1
2330.jpeg,15
709.jpeg,4
2666.jpeg,18
3229.jpeg,21
1900.jpeg,13
1447.jpeg,9
1641.jpeg,11
3205.jpeg,21
3016.jpeg,20
8.jpeg,0
3358.jpeg,22
785.jpeg,5
2797.jpeg,18
879.jpeg,6
1939.jpeg,13
3271.jpeg,22
163.jpeg,1
869.jpeg,5
3099.jpeg,20
1347.jpeg,9
3769.jpeg,25
1831.jpeg,12
284.jpeg,1
1561.jpeg,10
3948.jpeg,27
473.jpeg,3
4204.jpeg,28
1600.jpeg,10
4304.jpeg,29
39.jpeg,0
356.jpeg,2
2784.jpeg,18
3682.jpeg,25
3727.jpeg,25
2713.jpeg,18
3351.jpeg,22
1426.jpeg,9
1351.jpeg,9
3875.jpeg,26
3164.jpeg,21
2966.jpeg,20
1412.jpeg,9
3121.jpeg,21
2561.jpeg,17
4366.jpeg,29
2626.jpeg,17
482.jpeg,3
2314.jpeg,15
1911.jpeg,13
2274.jpeg,15
2160.jpeg,14
1481.jpeg,10
2090.jpeg,14
615.jpeg,4
856.jpeg,5
3010.jpeg,20
4318.jpeg,29
2059.jpeg,14
530.jpeg,3
2312.jpeg,15
37.jpeg,0
2843.jpeg,19
3109.jpeg,20
3546.jpeg,24
3039.jpeg,20
3403.jpeg,23
3563.jpeg,24
2862.jpeg,19
4145.jpeg,28
3354.jpeg,22
1603.jpeg,10
3658.jpeg,25
2275.jpeg,15
1746.jpeg,12
1161.jpeg,7
2461.jpeg,16
1124.jpeg,7
3214.jpeg,21
1075.jpeg,7
2244.jpeg,15
1567.jpeg,10
4245.jpeg,29
634.jpeg,4
795.jpeg,5
4339.jpeg,29
959.jpeg,6
143.jpeg,0
3704.jpeg,25
2507.jpeg,17
1008.jpeg,6
632.jpeg,4
1403.jpeg,9
2769.jpeg,18
3368.jpeg,22
2856.jpeg,19
2064.jpeg,14
2219.jpeg,15
864.jpeg,5
172.jpeg,1
1964.jpeg,13
3378.jpeg,23
4315.jpeg,29
4031.jpeg,27
2760.jpeg,18
4133.jpeg,28
3405.jpeg,23
153.jpeg,1
1144.jpeg,7
2812.jpeg,19
1423.jpeg,9
3592.jpeg,24
877.jpeg,6
3877.jpeg,26
3631.jpeg,24
213.jpeg,1
704.jpeg,4
1980.jpeg,13
840.jpeg,5
4134.jpeg,28
3600.jpeg,24
3911.jpeg,26
226.jpeg,1
1895.jpeg,13
2338.jpeg,15
1076.jpeg,7
720.jpeg,4
1868.jpeg,12
1036.jpeg,7
4114.jpeg,28
2177.jpeg,14
3677.jpeg,25
1971.jpeg,13
3725.jpeg,25
3817.jpeg,26
3421.jpeg,23
802.jpeg,5
1861.jpeg,12
1613.jpeg,10
135.jpeg,0
1845.jpeg,12
514.jpeg,3
781.jpeg,5
3341.jpeg,22
4103.jpeg,28
331.jpeg,2
3867.jpeg,26
2571.jpeg,17
3464.jpeg,23
3906.jpeg,26
524.jpeg,3
1470.jpeg,10
1807.jpeg,12
512.jpeg,3
113.jpeg,0
3821.jpeg,26
2798.jpeg,18
2980.jpeg,20
1927.jpeg,13
2765.jpeg,18
2070.jpeg,14
1852.jpeg,12
3566.jpeg,24
2454.jpeg,16
974.jpeg,6
1038.jpeg,7
230.jpeg,1
1254.jpeg,8
1139.jpeg,7
2818.jpeg,19
1619.jpeg,11
2924.jpeg,19
1473.jpeg,10
4341.jpeg,29
3349.jpeg,22
1689.jpeg,11
390.jpeg,2
601.jpeg,4
446.jpeg,3
2386.jpeg,16
167.jpeg,1
1164.jpeg,7
3778.jpeg,25
2892.jpeg,19
2951.jpeg,19
1413.jpeg,9
1598.jpeg,10
835.jpeg,5
3370.jpeg,22
985.jpeg,6
1257.jpeg,8
2594.jpeg,17
2961.jpeg,19
2267.jpeg,15
3928.jpeg,26
2675.jpeg,18
4269.jpeg,29
2264.jpeg,15
2201.jpeg,15
3386.jpeg,23
3873.jpeg,26
4072.jpeg,27
4023.jpeg,27
1259.jpeg,8
1953.jpeg,13
1653.jpeg,11
46.jpeg,0
787.jpeg,5
2053.jpeg,14
1555.jpeg,10
201.jpeg,1
1301.jpeg,8
1991.jpeg,13
1287.jpeg,8
590.jpeg,4
150.jpeg,1
2035.jpeg,13
2085.jpeg,14
3243.jpeg,22
1985.jpeg,13
3272.jpeg,22
2377.jpeg,16
1168.jpeg,8
2176.jpeg,14
3191.jpeg,21
4095.jpeg,28
996.jpeg,6
1067.jpeg,7
63.jpeg,0
4143.jpeg,28
165.jpeg,1
68.jpeg,0
1780.jpeg,12
2922.jpeg,19
177.jpeg,1
4210.jpeg,28
662.jpeg,4
1495.jpeg,10
1026.jpeg,7
972.jpeg,6
1291.jpeg,8
4263.jpeg,29
4328.jpeg,29
3132.jpeg,21
1592.jpeg,10
80.jpeg,0
2076.jpeg,14
2744.jpeg,18
1838.jpeg,12
224.jpeg,1
1905.jpeg,13
3198.jpeg,21
3917.jpeg,26
2332.jpeg,15
2393.jpeg,16
4297.jpeg,29
3570.jpeg,24
4131.jpeg,28
1625.jpeg,11
3502.jpeg,23
2353.jpeg,16
579.jpeg,3
3840.jpeg,26
1668.jpeg,11
1708.jpeg,11
1724.jpeg,11
1245.jpeg,8
1912.jpeg,13
488.jpeg,3
1256.jpeg,8
1524.jpeg,10
4355.jpeg,29
62.jpeg,0
1946.jpeg,13
168.jpeg,1
1382.jpeg,9
3410.jpeg,23
3339.jpeg,22
979.jpeg,6
2095.jpeg,14
1584.jpeg,10
2802.jpeg,18
2887.jpeg,19
1084.jpeg,7
1672.jpeg,11
1072.jpeg,7
3380.jpeg,23
2089.jpeg,14
3453.jpeg,23
1043.jpeg,7
1099.jpeg,7
942.jpeg,6
82.jpeg,0
2247.jpeg,15
101.jpeg,0
1397.jpeg,9
3318.jpeg,22
243.jpeg,1
2580.jpeg,17
4160.jpeg,28
1869.jpeg,12
469.jpeg,3
2778.jpeg,18
3337.jpeg,22
1873.jpeg,12
669.jpeg,4
1892.jpeg,12
2564.jpeg,17
507.jpeg,3
2230.jpeg,15
330.jpeg,2
2524.jpeg,17
638.jpeg,4
3773.jpeg,25
355.jpeg,2
2611.jpeg,17
4116.jpeg,28
4343.jpeg,29
51.jpeg,0
525.jpeg,3
317.jpeg,2
1167.jpeg,8
1429.jpeg,9
1855.jpeg,12
2650.jpeg,17
4115.jpeg,28
4157.jpeg,28
2741.jpeg,18
3304.jpeg,22
4175.jpeg,28
200.jpeg,1
1019.jpeg,7
1079.jpeg,7
3814.jpeg,26
1211.jpeg,8
4135.jpeg,28
3190.jpeg,21
3596.jpeg,24
3927.jpeg,26
4002.jpeg,27
1369.jpeg,9
3452.jpeg,23
1825.jpeg,12
2266.jpeg,15
2406.jpeg,16
1191.jpeg,8
3667.jpeg,25
1055.jpeg,7
1479.jpeg,10
3981.jpeg,27
3048.jpeg,20
1103.jpeg,7
425.jpeg,2
1517.jpeg,10
3310.jpeg,22
1975.jpeg,13
2608.jpeg,17
3514.jpeg,23
4093.jpeg,28
1686.jpeg,11
2886.jpeg,19
1411.jpeg,9
1180.jpeg,8
3082.jpeg,20
1406.jpeg,9
1786.jpeg,12
3595.jpeg,24
461.jpeg,3
705.jpeg,4
149.jpeg,1
1727.jpeg,11
2758.jpeg,18
2641.jpeg,17
15.jpeg,0
448.jpeg,3
4221.jpeg,28
2987.jpeg,20
2277.jpeg,15
2837.jpeg,19
305.jpeg,2
592.jpeg,4
1459.jpeg,9
2979.jpeg,20
1217.jpeg,8
1004.jpeg,6
2822.jpeg,19
3119.jpeg,21
3568.jpeg,24
1404.jpeg,9
1937.jpeg,13
2632.jpeg,17
2737.jpeg,18
3846.jpeg,26
2888.jpeg,19
3107.jpeg,20
2996.jpeg,20
2355.jpeg,16
3675.jpeg,25
2629.jpeg,17
1948.jpeg,13
18.jpeg,0
289.jpeg,1
2209.jpeg,15
2851.jpeg,19
106.jpeg,0
4283.jpeg,29
4049.jpeg,27
4074.jpeg,27
3924.jpeg,26
3980.jpeg,27
3459.jpeg,23
3397.jpeg,23
3501.jpeg,23
3757.jpeg,25
4039.jpeg,27
1137.jpeg,7
676.jpeg,4
502.jpeg,3
628.jpeg,4
1228.jpeg,8
3295.jpeg,22
3608.jpeg,24
3221.jpeg,21
1002.jpeg,6
1974.jpeg,13
2378.jpeg,16
3751.jpeg,25
4374.jpeg,29
4280.jpeg,29
715.jpeg,4
3694.jpeg,25
2027.jpeg,13
3312.jpeg,22
392.jpeg,2
1134.jpeg,7
374.jpeg,2
2728.jpeg,18
3084.jpeg,20
4205.jpeg,28
932.jpeg,6
1248.jpeg,8
3344.jpeg,22
2815.jpeg,19
3428.jpeg,23
375.jpeg,2
3623.jpeg,24
3023.jpeg,20
2770.jpeg,18
2661.jpeg,18
887.jpeg,6
2044.jpeg,13
2579.jpeg,17
3539.jpeg,24
2581.jpeg,17
444.jpeg,3
1885.jpeg,12
1623.jpeg,11
3860.jpeg,26
397.jpeg,2
2439.jpeg,16
3284.jpeg,22
1846.jpeg,12
2938.jpeg,19
2114.jpeg,14
703.jpeg,4
1083.jpeg,7
661.jpeg,4
2272.jpeg,15
3065.jpeg,20
1875.jpeg,12
4288.jpeg,29
1081.jpeg,7
1884.jpeg,12
2481.jpeg,16
1027.jpeg,7
312.jpeg,2
1687.jpeg,11
2954.jpeg,19
3859.jpeg,26
748.jpeg,5
508.jpeg,3
3988.jpeg,27
1662.jpeg,11
3624.jpeg,24
1244.jpeg,8
2237.jpeg,15
4186.jpeg,28
2231.jpeg,15
432.jpeg,3
630.jpeg,4
3664.jpeg,25
2249.jpeg,15
3091.jpeg,20
585.jpeg,4
1647.jpeg,11
38.jpeg,0
970.jpeg,6
2133.jpeg,14
855.jpeg,5
3899.jpeg,26
2416.jpeg,16
3392.jpeg,23
122.jpeg,0
1355.jpeg,9
2458.jpeg,16
999.jpeg,6
178.jpeg,1
2384.jpeg,16
1118.jpeg,7
3143.jpeg,21
1045.jpeg,7
1934.jpeg,13
2361.jpeg,16
2727.jpeg,18
1296.jpeg,8
4257.jpeg,29
47.jpeg,0
1630.jpeg,11
1822.jpeg,12
286.jpeg,1
1673.jpeg,11
498.jpeg,3
1258.jpeg,8
3025.jpeg,20
3259.jpeg,22
48.jpeg,0
2500.jpeg,16
1627.jpeg,11
2593.jpeg,17
2012.jpeg,13
1691.jpeg,11
3780.jpeg,25
3853.jpeg,26
522.jpeg,3
3359.jpeg,22
1634.jpeg,11
1025.jpeg,7
2411.jpeg,16
3977.jpeg,27
3367.jpeg,22
1240.jpeg,8
3288.jpeg,22
838.jpeg,5
1909.jpeg,13
777.jpeg,5
2251.jpeg,15
791.jpeg,5
4242.jpeg,29
510.jpeg,3
907.jpeg,6
1761.jpeg,12
501.jpeg,3
1681.jpeg,11
2997.jpeg,20
1513.jpeg,10
925.jpeg,6
1213.jpeg,8
1424.jpeg,9
980.jpeg,6
1457.jpeg,9
4067.jpeg,27
903.jpeg,6
4222.jpeg,28
559.jpeg,3
1037.jpeg,7
1183.jpeg,8
4293.jpeg,29
217.jpeg,1
2555.jpeg,17
294.jpeg,1
2335.jpeg,15
1277.jpeg,8
454.jpeg,3
902.jpeg,6
2171.jpeg,14
1290.jpeg,8
1065.jpeg,7
3328.jpeg,22
2420.jpeg,16
2671.jpeg,18
3774.jpeg,25
610.jpeg,4
329.jpeg,2
2682.jpeg,18
2033.jpeg,13
814.jpeg,5
2538.jpeg,17
3270.jpeg,22
948.jpeg,6
3929.jpeg,26
1503.jpeg,10
1445.jpeg,9
1676.jpeg,11
2873.jpeg,19
2877.jpeg,19
3685.jpeg,25
1400.jpeg,9
518.jpeg,3
3225.jpeg,21
591.jpeg,4
156.jpeg,1
936.jpeg,6
4255.jpeg,29
208.jpeg,1
2357.jpeg,16
3287.jpeg,22
3743.jpeg,25
1857.jpeg,12
2138.jpeg,14
3207.jpeg,21
3335.jpeg,22
3300.jpeg,22
1706.jpeg,11
2405.jpeg,16
3513.jpeg,23
2646.jpeg,17
2907.jpeg,19
4149.jpeg,28
618.jpeg,4
4060.jpeg,27
1824.jpeg,12
296.jpeg,1
3573.jpeg,24
3332.jpeg,22
1988.jpeg,13
77.jpeg,0
1059.jpeg,7
3845.jpeg,26
716.jpeg,4
3085.jpeg,20
2200.jpeg,14
784.jpeg,5
1947.jpeg,13
1996.jpeg,13
2273.jpeg,15
2794.jpeg,18
1827.jpeg,12
3387.jpeg,23
2637.jpeg,17
1593.jpeg,10
196.jpeg,1
1772.jpeg,12
3422.jpeg,23
3478.jpeg,23
3163.jpeg,21
2947.jpeg,19
3396.jpeg,23
472.jpeg,3
2161.jpeg,14
203.jpeg,1
1169.jpeg,8
1125.jpeg,7
1815.jpeg,12
641.jpeg,4
2916.jpeg,19
1455.jpeg,9
87.jpeg,0
3807.jpeg,26
924.jpeg,6
2106.jpeg,14
321.jpeg,2
3239.jpeg,22
395.jpeg,2
1614.jpeg,10
275.jpeg,1
70.jpeg,0
2186.jpeg,14
3148.jpeg,21
1456.jpeg,9
2617.jpeg,17
3548.jpeg,24
3319.jpeg,22
529.jpeg,3
1095.jpeg,7
569.jpeg,3
4218.jpeg,28
2867.jpeg,19
2754.jpeg,18
639.jpeg,4
1979.jpeg,13
1518.jpeg,10
231.jpeg,1
2367.jpeg,16
4026.jpeg,27
3120.jpeg,21
2994.jpeg,20
3862.jpeg,26
421.jpeg,2
2690.jpeg,18
3172.jpeg,21
3800.jpeg,26
4289.jpeg,29
1236.jpeg,8
3203.jpeg,21
3201.jpeg,21
3194.jpeg,21
2729.jpeg,18
4273.jpeg,29
4258.jpeg,29
1783.jpeg,12
1272.jpeg,8
3108.jpeg,20
541.jpeg,3
2535.jpeg,17
607.jpeg,4
2331.jpeg,15
2531.jpeg,17
1312.jpeg,8
1293.jpeg,8
3622.jpeg,24
207.jpeg,1
1597.jpeg,10
1392.jpeg,9
497.jpeg,3
400.jpeg,2
3998.jpeg,27
2283.jpeg,15
3068.jpeg,20
2603.jpeg,17
1723.jpeg,11
273.jpeg,1
3795.jpeg,26
2414.jpeg,16
1467.jpeg,10
4211.jpeg,28
2109.jpeg,14
1785.jpeg,12
4011.jpeg,27
2003.jpeg,13
966.jpeg,6
2542.jpeg,17
2348.jpeg,15
4035.jpeg,27
888.jpeg,6
191.jpeg,1
2640.jpeg,17
1898.jpeg,13
1241.jpeg,8
731.jpeg,5
2014.jpeg,13
4228.jpeg,28
3740.jpeg,25
3691.jpeg,25
2469.jpeg,16
1386.jpeg,9
2473.jpeg,16
1135.jpeg,7
3955.jpeg,27
1458.jpeg,9
4150.jpeg,28
2471.jpeg,16
1562.jpeg,10
380.jpeg,2
640.jpeg,4
819.jpeg,5
3872.jpeg,26
3809.jpeg,26
2017.jpeg,13
1829.jpeg,12
1106.jpeg,7
2702.jpeg,18
767.jpeg,5
3130.jpeg,21
3635.jpeg,24
3253.jpeg,22
722.jpeg,4
398.jpeg,2
3088.jpeg,20
1129.jpeg,7
1684.jpeg,11
3670.jpeg,25
2124.jpeg,14
346.jpeg,2
158.jpeg,1
1058.jpeg,7
2226.jpeg,15
3753.jpeg,25
2669.jpeg,18
109.jpeg,0
2306.jpeg,15
1186.jpeg,8
2359.jpeg,16
381.jpeg,2
309.jpeg,2
4017.jpeg,27
1262.jpeg,8
3257.jpeg,22
3524.jpeg,23
3779.jpeg,25
3764.jpeg,25
2150.jpeg,14
2949.jpeg,19
3909.jpeg,26
2000.jpeg,13
2700.jpeg,18
3957.jpeg,27
1252.jpeg,8
2426.jpeg,16
1813.jpeg,12
3569.jpeg,24
3676.jpeg,25
3522.jpeg,23
3475.jpeg,23
2403.jpeg,16
3674.jpeg,25
4247.jpeg,29
3796.jpeg,26
4229.jpeg,29
822.jpeg,5
3385.jpeg,23
711.jpeg,4
809.jpeg,5
4330.jpeg,29
2503.jpeg,17
2827.jpeg,19
1732.jpeg,11
2630.jpeg,17
3097.jpeg,20
593.jpeg,4
2043.jpeg,13
2931.jpeg,19
681.jpeg,4
4272.jpeg,29
2623.jpeg,17
437.jpeg,3
4223.jpeg,28
126.jpeg,0
2953.jpeg,19
3439.jpeg,23
341.jpeg,2
858.jpeg,5
2810.jpeg,19
4158.jpeg,28
2880.jpeg,19
2835.jpeg,19
3890.jpeg,26
792.jpeg,5
4312.jpeg,29
4004.jpeg,27
4198.jpeg,28
2920.jpeg,19
1009.jpeg,6
830.jpeg,5
1872.jpeg,12
2360.jpeg,16
3146.jpeg,21
1661.jpeg,11
3458.jpeg,23
366.jpeg,2
1439.jpeg,9
4342.jpeg,29
1165.jpeg,7
807.jpeg,5
2468.jpeg,16
560.jpeg,3
804.jpeg,5
2520.jpeg,17
3178.jpeg,21
1834.jpeg,12
1034.jpeg,7
526.jpeg,3
2256.jpeg,15
4334.jpeg,29
732.jpeg,5
1464.jpeg,9
2140.jpeg,14
3816.jpeg,26
3175.jpeg,21
3984.jpeg,27
2607.jpeg,17
3292.jpeg,22
4153.jpeg,28
2282.jpeg,15
64.jpeg,0
3517.jpeg,23
3329.jpeg,22
1842.jpeg,12
3317.jpeg,22
1871.jpeg,12
3398.jpeg,23
2221.jpeg,15
2296.jpeg,15
3331.jpeg,22
3926.jpeg,26
3787.jpeg,25
3026.jpeg,20
673.jpeg,4
91.jpeg,0
881.jpeg,6
3886.jpeg,26
2530.jpeg,17
776.jpeg,5
3830.jpeg,26
1295.jpeg,8
3835.jpeg,26
810.jpeg,5
269.jpeg,1
2736.jpeg,18
3993.jpeg,27
3791.jpeg,25
441.jpeg,3
3550.jpeg,24
1235.jpeg,8
2948.jpeg,19
1995.jpeg,13
3850.jpeg,26
170.jpeg,1
2079.jpeg,14
2764.jpeg,18
1533.jpeg,10
3401.jpeg,23
740.jpeg,5
1865.jpeg,12
1039.jpeg,7
1418.jpeg,9
859.jpeg,5
4027.jpeg,27
3551.jpeg,24
239.jpeg,1
359.jpeg,2
1270.jpeg,8
1716.jpeg,11
3801.jpeg,26
774.jpeg,5
1029.jpeg,7
2567.jpeg,17
3536.jpeg,24
2341.jpeg,15
1149.jpeg,7
2492.jpeg,16
3473.jpeg,23
955.jpeg,6
4118.jpeg,28
343.jpeg,2
2434.jpeg,16
4231.jpeg,29
3037.jpeg,20
1587.jpeg,10
1745.jpeg,12
2539.jpeg,17
2088.jpeg,14
2080.jpeg,14
1893.jpeg,12
772.jpeg,5
575.jpeg,3
1274.jpeg,8
3915.jpeg,26
3705.jpeg,25
3803.jpeg,26
3562.jpeg,24
1920.jpeg,13
1396.jpeg,9
3841.jpeg,26
1460.jpeg,9
2622.jpeg,17
1787.jpeg,12
1819.jpeg,12
2287.jpeg,15
1348.jpeg,9
2738.jpeg,18
1924.jpeg,13
2805.jpeg,18
27.jpeg,0
102.jpeg,0
3790.jpeg,25
766.jpeg,5
1789.jpeg,12
2748.jpeg,18
2709.jpeg,18
1945.jpeg,13
1954.jpeg,13
3451.jpeg,23
1512.jpeg,10
3891.jpeg,26
2340.jpeg,15
2147.jpeg,14
4306.jpeg,29
561.jpeg,3
3031.jpeg,20
3013.jpeg,20
407.jpeg,2
535.jpeg,3
3104.jpeg,20
3784.jpeg,25
3523.jpeg,23
499.jpeg,3
1491.jpeg,10
1147.jpeg,7
1683.jpeg,11
1832.jpeg,12
2988.jpeg,20
3060.jpeg,20
4066.jpeg,27
2745.jpeg,18
1115.jpeg,7
2767.jpeg,18
19.jpeg,0
3518.jpeg,23
3003.jpeg,20
426.jpeg,2
1645.jpeg,11
1153.jpeg,7
161.jpeg,1
1889.jpeg,12
2975.jpeg,20
1695.jpeg,11
2239.jpeg,15
2305.jpeg,15
3828.jpeg,26
775.jpeg,5
193.jpeg,1
1280.jpeg,8
4107.jpeg,28
1192.jpeg,8
2967.jpeg,20
3996.jpeg,27
1030.jpeg,7
2911.jpeg,19
834.jpeg,5
2478.jpeg,16
4097.jpeg,28
2730.jpeg,18
2832.jpeg,19
1790.jpeg,12
2441.jpeg,16
1310.jpeg,8
50.jpeg,0
4358.jpeg,29
484.jpeg,3
2295.jpeg,15
3220.jpeg,21
3228.jpeg,21
1523.jpeg,10
3375.jpeg,22
3066.jpeg,20
1922.jpeg,13
745.jpeg,5
2614.jpeg,17
1484.jpeg,10
2838.jpeg,19
1697.jpeg,11
3302.jpeg,22
2563.jpeg,17
2903.jpeg,19
2322.jpeg,15
1675.jpeg,11
533.jpeg,3
2021.jpeg,13
3792.jpeg,25
1493.jpeg,10
2670.jpeg,18
3008.jpeg,20
477.jpeg,3
2725.jpeg,18
3152.jpeg,21
3896.jpeg,26
232.jpeg,1
4122.jpeg,28
952.jpeg,6
567.jpeg,3
3035.jpeg,20
1349.jpeg,9
3388.jpeg,23
1919.jpeg,13
1882.jpeg,12
3985.jpeg,27
2484.jpeg,16
2205.jpeg,15
3045.jpeg,20
1335.jpeg,9
1796.jpeg,12
1540.jpeg,10
3583.jpeg,24
3040.jpeg,20
3720.jpeg,25
20.jpeg,0
3844.jpeg,26
3560.jpeg,24
1267.jpeg,8
536.jpeg,3
2096.jpeg,14
3636.jpeg,24
3059.jpeg,20
2351.jpeg,16
2576.jpeg,17
2105.jpeg,14
2963.jpeg,19
2676.jpeg,18
649.jpeg,4
2479.jpeg,16
1915.jpeg,13
706.jpeg,4
2775.jpeg,18
4174.jpeg,28
1283.jpeg,8
1006.jpeg,6
494.jpeg,3
2181.jpeg,14
1448.jpeg,9
1350.jpeg,9
2482.jpeg,16
1205.jpeg,8
4156.jpeg,28
916.jpeg,6
3395.jpeg,23
3208.jpeg,21
12.jpeg,0
4128.jpeg,28
2615.jpeg,17
3100.jpeg,20
2549.jpeg,17
430.jpeg,3
2757.jpeg,18
995.jpeg,6
1394.jpeg,9
3455.jpeg,23
576.jpeg,3
2424.jpeg,16
4082.jpeg,28
3476.jpeg,23
3961.jpeg,27
117.jpeg,0
548.jpeg,3
2011.jpeg,13
338.jpeg,2
457.jpeg,3
1051.jpeg,7
2889.jpeg,19
1485.jpeg,10
1110.jpeg,7
1345.jpeg,9
1736.jpeg,11
1853.jpeg,12
660.jpeg,4
3914.jpeg,26
1721.jpeg,11
424.jpeg,2
2040.jpeg,13
351.jpeg,2
3297.jpeg,22
1489.jpeg,10
2834.jpeg,19
1111.jpeg,7
210.jpeg,1
154.jpeg,1
1575.jpeg,10
2293.jpeg,15
3908.jpeg,26
3589.jpeg,24
350.jpeg,2
4005.jpeg,27
2536.jpeg,17
2001.jpeg,13
3565.jpeg,24
152.jpeg,1
2991.jpeg,20
259.jpeg,1
3089.jpeg,20
2550.jpeg,17
2030.jpeg,13
3898.jpeg,26
3728.jpeg,25
4119.jpeg,28
4080.jpeg,27
3283.jpeg,22
1176.jpeg,8
1968.jpeg,13
935.jpeg,6
4309.jpeg,29
4303.jpeg,29
994.jpeg,6
3630.jpeg,24
4266.jpeg,29
3343.jpeg,22
2428.jpeg,16
281.jpeg,1
954.jpeg,6
1526.jpeg,10
253.jpeg,1
3652.jpeg,25
4362.jpeg,29
3986.jpeg,27
450.jpeg,3
1749.jpeg,12
2809.jpeg,18
3967.jpeg,27
1759.jpeg,12
2166.jpeg,14
3681.jpeg,25
2681.jpeg,18
2163.jpeg,14
2578.jpeg,17
3279.jpeg,22
1381.jpeg,9
4188.jpeg,28
729.jpeg,4
3285.jpeg,22
2976.jpeg,20
2422.jpeg,16
1414.jpeg,9
1704.jpeg,11
3159.jpeg,21
2913.jpeg,19
4278.jpeg,29
3653.jpeg,25
3776.jpeg,25
3715.jpeg,25
148.jpeg,1
3953.jpeg,27
1202.jpeg,8
4009.jpeg,27
857.jpeg,5
2751.jpeg,18
3688.jpeg,25
1388.jpeg,9
3925.jpeg,26
608.jpeg,4
4364.jpeg,29
84.jpeg,0
2565.jpeg,17
1377.jpeg,9
1246.jpeg,8
4179.jpeg,28
2362.jpeg,16
2037.jpeg,13
3095.jpeg,20
4314.jpeg,29
675.jpeg,4
2869.jpeg,19
1461.jpeg,9
2365.jpeg,16
1958.jpeg,13
3294.jpeg,22
3290.jpeg,22
2364.jpeg,16
1737.jpeg,11
4064.jpeg,27
3587.jpeg,24
2480.jpeg,16
753.jpeg,5
3537.jpeg,24
2734.jpeg,18
2601.jpeg,17
850.jpeg,5
2477.jpeg,16
1502.jpeg,10
66.jpeg,0
1023.jpeg,7
2732.jpeg,18
2952.jpeg,19
2025.jpeg,13
3149.jpeg,21
2724.jpeg,18
3490.jpeg,23
2368.jpeg,16
1210.jpeg,8
4136.jpeg,28
3491.jpeg,23
388.jpeg,2
1044.jpeg,7
125.jpeg,0
1522.jpeg,10
1379.jpeg,9
1399.jpeg,9
3083.jpeg,20
3708.jpeg,25
246.jpeg,1
1309.jpeg,8
4196.jpeg,28
744.jpeg,5
96.jpeg,0
4308.jpeg,29
2390.jpeg,16
1595.jpeg,10
2260.jpeg,15
2771.jpeg,18
4248.jpeg,29
1223.jpeg,8
3202.jpeg,21
1930.jpeg,13
222.jpeg,1
654.jpeg,4
1826.jpeg,12
3348.jpeg,22
4264.jpeg,29
2448.jpeg,16
1321.jpeg,9
4127.jpeg,28
2548.jpeg,17
3919.jpeg,26
2898.jpeg,19
137.jpeg,0
4146.jpeg,28
3372.jpeg,22
1690.jpeg,11
4012.jpeg,27
74.jpeg,0
3069.jpeg,20
479.jpeg,3
2413.jpeg,16
3028.jpeg,20
854.jpeg,5
3657.jpeg,25
963.jpeg,6
920.jpeg,6
1428.jpeg,9
1013.jpeg,6
1914.jpeg,13
3679.jpeg,25
910.jpeg,6
104.jpeg,0
602.jpeg,4
950.jpeg,6
466.jpeg,3
953.jpeg,6
1563.jpeg,10
3754.jpeg,25
550.jpeg,3
1511.jpeg,10
410.jpeg,2
3836.jpeg,26
1336.jpeg,9
3808.jpeg,26
387.jpeg,2
1281.jpeg,8
3582.jpeg,24
130.jpeg,0
2519.jpeg,17
2817.jpeg,19
4032.jpeg,27
1538.jpeg,10
3856.jpeg,26
3738.jpeg,25
1693.jpeg,11
685.jpeg,4
3244.jpeg,22
464.jpeg,3
1942.jpeg,13
1784.jpeg,12
3707.jpeg,25
3489.jpeg,23
4056.jpeg,27
836.jpeg,5
2281.jpeg,15
1899.jpeg,13
1064.jpeg,7
3170.jpeg,21
3695.jpeg,25
3113.jpeg,21
1876.jpeg,12
1050.jpeg,7
1304.jpeg,8
2929.jpeg,19
650.jpeg,4
92.jpeg,0
721.jpeg,4
2092.jpeg,14
4084.jpeg,28
489.jpeg,3
151.jpeg,1
3426.jpeg,23
688.jpeg,4
2523.jpeg,17
218.jpeg,1
2527.jpeg,17
3420.jpeg,23
1752.jpeg,12
3289.jpeg,22
2410.jpeg,16
1362.jpeg,9
3255.jpeg,22
2470.jpeg,16
3096.jpeg,20
1289.jpeg,8
945.jpeg,6
1288.jpeg,8
566.jpeg,3
333.jpeg,2
2197.jpeg,14
3019.jpeg,20
878.jpeg,6
3610.jpeg,24
4132.jpeg,28
786.jpeg,5
1216.jpeg,8
1449.jpeg,9
140.jpeg,0
3078.jpeg,20
3181.jpeg,21
4139.jpeg,28
2297.jpeg,15
408.jpeg,2
2897.jpeg,19
546.jpeg,3
2902.jpeg,19
1209.jpeg,8
2855.jpeg,19
733.jpeg,5
2457.jpeg,16
2288.jpeg,15
2103.jpeg,14
3461.jpeg,23
824.jpeg,5
2097.jpeg,14
3481.jpeg,23
2735.jpeg,18
4225.jpeg,28
3686.jpeg,25
3912.jpeg,26
3564.jpeg,24
4019.jpeg,27
1224.jpeg,8
396.jpeg,2
3123.jpeg,21
379.jpeg,2
478.jpeg,3
1294.jpeg,8
1253.jpeg,8
2839.jpeg,19
1337.jpeg,9
2279.jpeg,15
3851.jpeg,26
1929.jpeg,13
4059.jpeg,27
132.jpeg,0
3716.jpeg,25
3936.jpeg,27
3575.jpeg,24
3316.jpeg,22
1976.jpeg,13
199.jpeg,1
3034.jpeg,20
1539.jpeg,10
2257.jpeg,15
2928.jpeg,19
310.jpeg,2
2511.jpeg,17
4094.jpeg,28
357.jpeg,2
225.jpeg,1
1468.jpeg,10
4203.jpeg,28
3390.jpeg,23
1506.jpeg,10
4182.jpeg,28
2508.jpeg,17
3626.jpeg,24
4052.jpeg,27
2165.jpeg,14
756.jpeg,5
303.jpeg,2
2609.jpeg,17
3407.jpeg,23
58.jpeg,0
3369.jpeg,22
215.jpeg,1
2642.jpeg,17
1757.jpeg,12
1529.jpeg,10
1197.jpeg,8
1359.jpeg,9
4252.jpeg,29
694.jpeg,4
3379.jpeg,23
45.jpeg,0
2146.jpeg,14
647.jpeg,4
3782.jpeg,25
1660.jpeg,11
1171.jpeg,8
3920.jpeg,26
238.jpeg,1
741.jpeg,5
1033.jpeg,7
3744.jpeg,25
112.jpeg,0
1126.jpeg,7
1477.jpeg,10
1266.jpeg,8
3325.jpeg,22
4351.jpeg,29
1585.jpeg,10
564.jpeg,3
274.jpeg,1
1907.jpeg,13
1748.jpeg,12
1333.jpeg,9
1434.jpeg,9
2298.jpeg,15
216.jpeg,1
98.jpeg,0
3446.jpeg,23
570.jpeg,3
59.jpeg,0
967.jpeg,6
4021.jpeg,27
4010.jpeg,27
1265.jpeg,8
2054.jpeg,14
1368.jpeg,9
3438.jpeg,23
413.jpeg,2
2662.jpeg,18
1739.jpeg,11
1580.jpeg,10
1669.jpeg,11
554.jpeg,3
3901.jpeg,26
3140.jpeg,21
3742.jpeg,25
3849.jpeg,26
3179.jpeg,21
1395.jpeg,9
3053.jpeg,20
2068.jpeg,14
2366.jpeg,16
1444.jpeg,9
61.jpeg,0
735.jpeg,5
3384.jpeg,23
304.jpeg,2
1610.jpeg,10
2789.jpeg,18
2939.jpeg,19
968.jpeg,6
1768.jpeg,12
382.jpeg,2
2714.jpeg,18
3168.jpeg,21
1957.jpeg,13
3382.jpeg,23
801.jpeg,5
594.jpeg,4
336.jpeg,2
934.jpeg,6
3320.jpeg,22
2569.jpeg,17
3781.jpeg,25
447.jpeg,3
4058.jpeg,27
3145.jpeg,21
3999.jpeg,27
1574.jpeg,10
2207.jpeg,15
2144.jpeg,14
3696.jpeg,25
3269.jpeg,22
2162.jpeg,14
4015.jpeg,27
755.jpeg,5
2893.jpeg,19
385.jpeg,2
3758.jpeg,25
3703.jpeg,25
94.jpeg,0
2568.jpeg,17
692.jpeg,4
291.jpeg,1
4234.jpeg,29
57.jpeg,0
3938.jpeg,27
1508.jpeg,10
2132.jpeg,14
364.jpeg,2
6.jpeg,0
1091.jpeg,7
206.jpeg,1
1629.jpeg,11
2513.jpeg,17
2895.jpeg,19
1870.jpeg,12
1367.jpeg,9
3311.jpeg,22
1342.jpeg,9
2863.jpeg,19
697.jpeg,4
1609.jpeg,10
1993.jpeg,13
40.jpeg,0
3371.jpeg,22
1938.jpeg,13
485.jpeg,3
1730.jpeg,11
4083.jpeg,28
88.jpeg,0
4209.jpeg,28
987.jpeg,6
3612.jpeg,24
110.jpeg,0
690.jpeg,4
2753.jpeg,18
248.jpeg,1
3772.jpeg,25
3142.jpeg,21
1305.jpeg,8
4085.jpeg,28
1000.jpeg,6
2387.jpeg,16
4371.jpeg,29
233.jpeg,1
3448.jpeg,23
1174.jpeg,8
3075.jpeg,20
3487.jpeg,23
578.jpeg,3
1801.jpeg,12
2328.jpeg,15
2496.jpeg,16
3180.jpeg,21
1596.jpeg,10
257.jpeg,1
268.jpeg,1
2087.jpeg,14
1601.jpeg,10
436.jpeg,3
926.jpeg,6
1073.jpeg,7
646.jpeg,4
2489.jpeg,16
3124.jpeg,21
2882.jpeg,19
805.jpeg,5
1962.jpeg,13
2783.jpeg,18
1762.jpeg,12
913.jpeg,6
1670.jpeg,11
2801.jpeg,18
3235.jpeg,22
2255.jpeg,15
3298.jpeg,22
33.jpeg,0
2440.jpeg,16
3456.jpeg,23
2233.jpeg,15
643.jpeg,4
1078.jpeg,7
1196.jpeg,8
3940.jpeg,27
363.jpeg,2
2304.jpeg,15
1360.jpeg,9
734.jpeg,5
1074.jpeg,7
4101.jpeg,28
3937.jpeg,27
3930.jpeg,26
2020.jpeg,13
1497.jpeg,10
30.jpeg,0
235.jpeg,1
2154.jpeg,14
3833.jpeg,26
1977.jpeg,13
962.jpeg,6
1943.jpeg,13
4254.jpeg,29
240.jpeg,1
474.jpeg,3
626.jpeg,4
335.jpeg,2
265.jpeg,1
1536.jpeg,10
2937.jpeg,19
3429.jpeg,23
2993.jpeg,20
3070.jpeg,20
1010.jpeg,6
3174.jpeg,21
2170.jpeg,14
3127.jpeg,21
1188.jpeg,8
844.jpeg,5
3472.jpeg,23
3173.jpeg,21
4018.jpeg,27
1910.jpeg,13
1955.jpeg,13
4363.jpeg,29
2627.jpeg,17
1122.jpeg,7
3415.jpeg,23
1063.jpeg,7
1325.jpeg,9
3943.jpeg,27
2782.jpeg,18
880.jpeg,6
1438.jpeg,9
2311.jpeg,15
1086.jpeg,7
1146.jpeg,7
2232.jpeg,15
2179.jpeg,14
383.jpeg,2
3763.jpeg,25
2762.jpeg,18
2743.jpeg,18
3286.jpeg,22
4219.jpeg,28
3855.jpeg,26
442.jpeg,3
3440.jpeg,23
406.jpeg,2
3251.jpeg,22
3604.jpeg,24
1488.jpeg,10
1674.jpeg,11
3629.jpeg,24
1756.jpeg,12
603.jpeg,4
2475.jpeg,16
368.jpeg,2
1314.jpeg,8
3383.jpeg,23
2849.jpeg,19
2912.jpeg,19
2077.jpeg,14
3213.jpeg,21
992.jpeg,6
2395.jpeg,16
4199.jpeg,28
506.jpeg,3
532.jpeg,3
3077.jpeg,20
1534.jpeg,10
1700.jpeg,11
3702.jpeg,25
1685.jpeg,11
4120.jpeg,28
245.jpeg,1
2790.jpeg,18
4164.jpeg,28
3733.jpeg,25
1750.jpeg,12
3264.jpeg,22
1626.jpeg,11
2599.jpeg,17
301.jpeg,2
4036.jpeg,27
642.jpeg,4
3755.jpeg,25
2388.jpeg,16
3529.jpeg,24
3110.jpeg,20
700.jpeg,4
2663.jpeg,18
1100.jpeg,7
1571.jpeg,10
3047.jpeg,20
1297.jpeg,8
571.jpeg,3
4291.jpeg,29
4141.jpeg,28
1373.jpeg,9
3484.jpeg,23
2467.jpeg,16
684.jpeg,4
198.jpeg,1
679.jpeg,4
2726.jpeg,18
3831.jpeg,26
3663.jpeg,25
3852.jpeg,26
2780.jpeg,18
3834.jpeg,26
4347.jpeg,29
3887.jpeg,26
2409.jpeg,16
3934.jpeg,27
961.jpeg,6
1098.jpeg,7
4006.jpeg,27
4162.jpeg,28
818.jpeg,5
83.jpeg,0
3007.jpeg,20
3027.jpeg,20
2423.jpeg,16
2499.jpeg,16
3617.jpeg,24
378.jpeg,2
1560.jpeg,10
234.jpeg,1
3509.jpeg,23
2142.jpeg,14
339.jpeg,2
3216.jpeg,21
2018.jpeg,13
828.jpeg,5
2742.jpeg,18
623.jpeg,4
1566.jpeg,10
2998.jpeg,20
1810.jpeg,12
7.jpeg,0
2261.jpeg,15
1080.jpeg,7
3306.jpeg,22
1015.jpeg,6
724.jpeg,4
3567.jpeg,24
2573.jpeg,17
765.jpeg,5
586.jpeg,4
667.jpeg,4
917.jpeg,6
2965.jpeg,19
4265.jpeg,29
2792.jpeg,18
1917.jpeg,13
2971.jpeg,20
2112.jpeg,14
1415.jpeg,9
4213.jpeg,28
3532.jpeg,24
4261.jpeg,29
1654.jpeg,11
376.jpeg,2
3293.jpeg,22
1769.jpeg,12
349.jpeg,2
337.jpeg,2
4251.jpeg,29
1366.jpeg,9
2885.jpeg,19
4037.jpeg,27
3976.jpeg,27
3.jpeg,0
2853.jpeg,19
2022.jpeg,13
3187.jpeg,21
258.jpeg,1
3188.jpeg,21
3256.jpeg,22
2192.jpeg,14
4241.jpeg,29
3734.jpeg,25
1128.jpeg,7
2687.jpeg,18
712.jpeg,4
2394.jpeg,16
2110.jpeg,14
344.jpeg,2
4298.jpeg,29
1340.jpeg,9
2327.jpeg,15
4194.jpeg,28
759.jpeg,5
3226.jpeg,21
4070.jpeg,27
69.jpeg,0
1494.jpeg,10
1932.jpeg,13
3541.jpeg,24
1198.jpeg,8
3342.jpeg,22
1581.jpeg,10
1190.jpeg,8
1071.jpeg,7
2906.jpeg,19
2556.jpeg,17
652.jpeg,4
2442.jpeg,16
1313.jpeg,8
837.jpeg,5
2315.jpeg,15
1611.jpeg,10
2759.jpeg,18
1003.jpeg,6
2787.jpeg,18
2206.jpeg,15
2466.jpeg,16
627.jpeg,4
770.jpeg,5
1617.jpeg,11
414.jpeg,2
2719.jpeg,18
463.jpeg,3
4259.jpeg,29
1417.jpeg,9
2158.jpeg,14
2125.jpeg,14
4302.jpeg,29
2048.jpeg,14
2904.jpeg,19
2510.jpeg,17
4327.jpeg,29
956.jpeg,6
604.jpeg,4
237.jpeg,1
4167.jpeg,28
1944.jpeg,13
2270.jpeg,15
1913.jpeg,13
940.jpeg,6
1022.jpeg,7
3126.jpeg,21
3242.jpeg,22
2093.jpeg,14
2323.jpeg,15
3245.jpeg,22
2814.jpeg,19
2472.jpeg,16
3057.jpeg,20
1046.jpeg,7
3723.jpeg,25
1901.jpeg,13
3093.jpeg,20
2486.jpeg,16
2793.jpeg,18
4166.jpeg,28
656.jpeg,4
2686.jpeg,18
1212.jpeg,8
3974.jpeg,27
313.jpeg,2
3400.jpeg,23
613.jpeg,4
3577.jpeg,24
1385.jpeg,9
930.jpeg,6
3711.jpeg,25
1107.jpeg,7
2588.jpeg,17
3954.jpeg,27
465.jpeg,3
1476.jpeg,10
3578.jpeg,24
2543.jpeg,17
3697.jpeg,25
2084.jpeg,14
852.jpeg,5
3897.jpeg,26
3510.jpeg,23
4078.jpeg,27
2752.jpeg,18
23.jpeg,0
456.jpeg,3
2220.jpeg,15
2333.jpeg,15
4062.jpeg,27
4124.jpeg,28
1774.jpeg,12
577.jpeg,3
1624.jpeg,11
71.jpeg,0
3411.jpeg,23
2449.jpeg,16
511.jpeg,3
3748.jpeg,25
1166.jpeg,8
1843.jpeg,12
939.jpeg,6
1729.jpeg,11
2400.jpeg,16
2868.jpeg,19
2130.jpeg,14
2408.jpeg,16
2228.jpeg,15
2973.jpeg,20
2210.jpeg,15
1251.jpeg,8
2099.jpeg,14
4152.jpeg,28
3747.jpeg,25
719.jpeg,4
3574.jpeg,24
3997.jpeg,27
3144.jpeg,21
664.jpeg,4
2544.jpeg,17
3771.jpeg,25
2208.jpeg,15
3701.jpeg,25
3714.jpeg,25
3690.jpeg,25
3250.jpeg,22
1048.jpeg,7
1330.jpeg,9
691.jpeg,4
4369.jpeg,29
1591.jpeg,10
1363.jpeg,9
2649.jpeg,17
1728.jpeg,11
360.jpeg,2
1800.jpeg,12
747.jpeg,5
1677.jpeg,11
3618.jpeg,24
3661.jpeg,25
115.jpeg,0
4176.jpeg,28
2102.jpeg,14
455.jpeg,3
1401.jpeg,9
422.jpeg,2
1605.jpeg,10
3495.jpeg,23
141.jpeg,0
3408.jpeg,23
3766.jpeg,25
3759.jpeg,25
3827.jpeg,26
782.jpeg,5
212.jpeg,1
1177.jpeg,8
2155.jpeg,14
793.jpeg,5
2121.jpeg,14
771.jpeg,5
100.jpeg,0
973.jpeg,6
3437.jpeg,23
3009.jpeg,20
4230.jpeg,29
3477.jpeg,23
3712.jpeg,25
4090.jpeg,28
2490.jpeg,16
1990.jpeg,13
3281.jpeg,22
2452.jpeg,16
4250.jpeg,29
862.jpeg,5
3802.jpeg,26
2552.jpeg,17
3812.jpeg,26
581.jpeg,4
211.jpeg,1
3878.jpeg,26
136.jpeg,0
2370.jpeg,16
2859.jpeg,19
3633.jpeg,24
3971.jpeg,27
3074.jpeg,20
2962.jpeg,19
2280.jpeg,15
2718.jpeg,18
1375.jpeg,9
873.jpeg,5
1589.jpeg,10
1441.jpeg,9
1249.jpeg,8
1230.jpeg,8
2407.jpeg,16
85.jpeg,0
3822.jpeg,26
2930.jpeg,19
2655.jpeg,17
2910.jpeg,19
2959.jpeg,19
1318.jpeg,9
3815.jpeg,26
1804.jpeg,12
1792.jpeg,12
1514.jpeg,10
468.jpeg,3
3056.jpeg,20
2491.jpeg,16
2589.jpeg,17
2113.jpeg,14
4271.jpeg,29
3709.jpeg,25
403.jpeg,2
612.jpeg,4
2638.jpeg,17
327.jpeg,2
2800.jpeg,18
1569.jpeg,10
176.jpeg,1
13.jpeg,0
3116.jpeg,21
2101.jpeg,14
3001.jpeg,20
906.jpeg,6
3406.jpeg,23
3963.jpeg,27
3122.jpeg,21
1582.jpeg,10
162.jpeg,1
2392.jpeg,16
3614.jpeg,24
1967.jpeg,13
2919.jpeg,19
3352.jpeg,22
1286.jpeg,8
2824.jpeg,19
1474.jpeg,10
572.jpeg,3
4335.jpeg,29
1760.jpeg,12
2346.jpeg,15
3645.jpeg,24
587.jpeg,4
4201.jpeg,28
3515.jpeg,23
2943.jpeg,19
3254.jpeg,22
2934.jpeg,19
3992.jpeg,27
4125.jpeg,28
845.jpeg,5
1665.jpeg,11
3381.jpeg,23
1877.jpeg,12
1354.jpeg,9
1544.jpeg,10
2786.jpeg,18
3770.jpeg,25
2131.jpeg,14
1682.jpeg,11
3217.jpeg,21
2369.jpeg,16
1879.jpeg,12
853.jpeg,5
3376.jpeg,23
2688.jpeg,18
4193.jpeg,28
1163.jpeg,7
713.jpeg,4
3606.jpeg,24
2940.jpeg,19
4325.jpeg,29
4217.jpeg,28
803.jpeg,5
2299.jpeg,15
977.jpeg,6
3154.jpeg,21
815.jpeg,5
1178.jpeg,8
3015.jpeg,20
2199.jpeg,14
449.jpeg,3
1323.jpeg,9
941.jpeg,6
3418.jpeg,23
3479.jpeg,23
2354.jpeg,16
2999.jpeg,20
1142.jpeg,7
4305.jpeg,29
1812.jpeg,12
2981.jpeg,20
1157.jpeg,7
2058.jpeg,14
3449.jpeg,23
811.jpeg,5
3634.jpeg,24
1987.jpeg,13
1731.jpeg,11
90.jpeg,0
644.jpeg,4
2094.jpeg,14
2136.jpeg,14
901.jpeg,6
2159.jpeg,14
1371.jpeg,9
1299.jpeg,8
2188.jpeg,14
332.jpeg,2
1194.jpeg,8
17.jpeg,0
3435.jpeg,23
1931.jpeg,13
4365.jpeg,29
2263.jpeg,15
799.jpeg,5
4071.jpeg,27
3236.jpeg,22
4296.jpeg,29
549.jpeg,3
2398.jpeg,16
3643.jpeg,24
3467.jpeg,23
3719.jpeg,25
2122.jpeg,14
3641.jpeg,24
3584.jpeg,24
4138.jpeg,28
1140.jpeg,7
2204.jpeg,15
3922.jpeg,26
2438.jpeg,16
895.jpeg,6
848.jpeg,5
1317.jpeg,9
2301.jpeg,15
596.jpeg,4
2195.jpeg,14
295.jpeg,1
3324.jpeg,22
2528.jpeg,17
3184.jpeg,21
2375.jpeg,16
2325.jpeg,15
3263.jpeg,22
3252.jpeg,22
2415.jpeg,16
1151.jpeg,7
2990.jpeg,20
4003.jpeg,27
377.jpeg,2
1770.jpeg,12
1175.jpeg,8
2127.jpeg,14
1104.jpeg,7
1179.jpeg,8
4091.jpeg,28
2860.jpeg,19
1897.jpeg,13
3579.jpeg,24
889.jpeg,6
2696.jpeg,18
2116.jpeg,14
93.jpeg,0
1553.jpeg,10
3900.jpeg,26
81.jpeg,0
3647.jpeg,24
3441.jpeg,23
345.jpeg,2
2252.jpeg,15
3519.jpeg,23
1331.jpeg,9
1114.jpeg,7
2852.jpeg,19
1358.jpeg,9
4348.jpeg,29
171.jpeg,1
2984.jpeg,20
3366.jpeg,22
3014.jpeg,20
1705.jpeg,11
808.jpeg,5
1430.jpeg,9
2774.jpeg,18
1425.jpeg,9
3186.jpeg,21
1849.jpeg,12
3240.jpeg,22
552.jpeg,3
2804.jpeg,18
3576.jpeg,24
937.jpeg,6
3972.jpeg,27
32.jpeg,0
3983.jpeg,27
2242.jpeg,15
3357.jpeg,22
2547.jpeg,17
2985.jpeg,20
915.jpeg,6
2203.jpeg,15
3726.jpeg,25
1951.jpeg,13
3457.jpeg,23
43.jpeg,0
538.jpeg,3
1374.jpeg,9
539.jpeg,3
500.jpeg,3
2168.jpeg,14
4112.jpeg,28
2551.jpeg,17
528.jpeg,3
671.jpeg,4
4274.jpeg,29
912.jpeg,6
1835.jpeg,12
3266.jpeg,22
2654.jpeg,17
1133.jpeg,7
614.jpeg,4
2620.jpeg,17
1509.jpeg,10
1823.jpeg,12
3436.jpeg,23
2036.jpeg,13
1148.jpeg,7
2380.jpeg,16
1077.jpeg,7
1776.jpeg,12
4108.jpeg,28
2956.jpeg,19
247.jpeg,1
1172.jpeg,8
3150.jpeg,21
4295.jpeg,29
1847.jpeg,12
1181.jpeg,8
1120.jpeg,7
4332.jpeg,29
34.jpeg,0
2016.jpeg,13
696.jpeg,4
1389.jpeg,9
22.jpeg,0
663.jpeg,4
2926.jpeg,19
159.jpeg,1
2716.jpeg,18
4089.jpeg,28
1326.jpeg,9
107.jpeg,0
1839.jpeg,12
827.jpeg,5
2864.jpeg,19
0.jpeg,0
2509.jpeg,17
86.jpeg,0
2303.jpeg,15
285.jpeg,1
3336.jpeg,22
1116.jpeg,7
10.jpeg,0
2691.jpeg,18
195.jpeg,1
255.jpeg,1
2574.jpeg,17
2525.jpeg,17
3991.jpeg,27
1998.jpeg,13
1263.jpeg,8
1969.jpeg,13
1983.jpeg,13
2896.jpeg,19
1066.jpeg,7
4320.jpeg,29
3933.jpeg,27
503.jpeg,3
3590.jpeg,24
4331.jpeg,29
3598.jpeg,24
2591.jpeg,17
1472.jpeg,10
182.jpeg,1
4224.jpeg,28
434.jpeg,3
1965.jpeg,13
433.jpeg,3
2982.jpeg,20
